FECHA,HORA,SAG,VIF,XAL,ATI,CAM,CUT,FAC,TLA,TLI,BJU,HGM,IZT,MER,ACO,CHO,MPA,TAH,UIZ,AJM,CUA,INN,MGH,PED,SFE
12/1/2016,1,0,3,3,3,1,0,1,2,4,0,1,1,1,6,6,30,1,12,32,6,25,2,11,15
12/1/2016,2,2,2,2,1,2,0,1,2,3,0,1,1,1,5,8,35,3,15,31,11,21,2,8,20
12/1/2016,3,2,3,3,1,1,0,1,2,3,0,1,1,1,2,3,41,5,16,32,7,23,1,2,14
12/1/2016,4,1,1,4,4,1,1,1,0,1,2,2,1,1,1,2,44,8,18,28,5,24,2,1,15
12/1/2016,5,1,1,2,1,1,1,1,0,1,1,3,2,1,0,2,42,14,19,26,12,29,2,3,8
12/1/2016,6,1,1,3,1,1,1,1,1,0,1,1,2,1,0,2,34,16,17,24,14,27,2,1,1
12/1/2016,7,2,1,4,1,1,1,1,2,1,0,1,1,1,0,3,29,4,12,20,4,28,2,1,1
12/1/2016,8,2,2,3,1,2,1,1,2,1,1,2,2,2,2,3,24,6,11,18,4,27,2,2,1
12/1/2016,9,4,6,11,6,5,1,2,4,3,7,7,7,5,7,8,28,12,16,17,7,27,8,6,10
12/1/2016,10,16,17,18,14,13,8,12,12,9,15,17,17,14,23,24,31,23,26,22,17,30,19,15,25
12/1/2016,11,30,29,29,29,27,27,22,29,20,28,30,32,28,34,28,36,33,32,33,30,33,28,30,33
12/1/2016,12,41,45,43,41,40,45,31,40,41,43,42,41,39,44,31,35,34,33,44,36,36,36,39,39
12/1/2016,13,58,61,59,49,54,59,43,50,48,57,54,52,45,47,32,39,38,36,52,45,38,49,48,51
12/1/2016,14,67,67,72,59,68,76,54,63,56,69,65,63,61,55,35,42,43,40,66,41,42,60,56,61
12/1/2016,15,82,74,81,71,72,87,65,73,64,79,75,69,70,62,39,50,47,45,72,38,46,65,72,52
12/1/2016,16,96,86,91,78,60,92,60,75,77,67,66,53,65,78,44,52,47,48,75,42,51,54,72,46
12/1/2016,17,49,96,50,78,48,73,45,74,82,52,53,52,45,60,46,58,54,53,60,46,54,43,52,48
12/1/2016,18,31,48,35,66,36,49,42,38,53,41,45,36,29,37,54,62,67,61,52,40,57,42,40,35
12/1/2016,19,21,14,32,23,17,20,14,12,28,10,20,25,19,28,37,55,57,50,49,36,51,39,23,17
12/1/2016,20,24,22,20,13,20,11,2,9,21,8,16,17,14,21,18,45,40,34,45,33,37,32,14,25
12/1/2016,21,17,15,22,7,5,11,1,7,1,3,17,11,7,9,5,44,12,20,23,26,26,20,3,24
12/1/2016,22,10,2,9,6,2,5,2,2,1,3,1,1,1,6,7,43,12,21,24,23,24,7,2,13
12/1/2016,23,7,2,3,5,2,4,1,2,0,4,2,2,1,1,14,43,10,22,26,19,20,6,1,4
12/1/2016,24,5,1,4,7,1,2,1,1,0,4,2,3,1,1,24,34,11,23,28,17,21,3,3,2
12/2/2016,1,3,1,3,17,1,0,2,2,0,1,2,3,2,1,4,29,4,12,35,3,24,2,17,7
12/2/2016,2,4,1,2,15,1,0,3,0,1,0,1,1,1,1,24,27,16,22,35,25,28,2,15,14
12/2/2016,3,1,1,2,9,1,1,5,2,0,0,1,3,1,1,3,26,9,13,29,8,27,1,11,19
12/2/2016,4,1,1,4,7,1,1,3,6,0,0,1,3,1,1,4,30,10,15,27,7,27,2,15,18
12/2/2016,5,1,1,3,6,1,0,5,5,0,1,1,1,1,0,2,29,10,14,23,4,25,1,13,10
12/2/2016,6,1,1,2,3,1,1,1,2,0,0,1,1,1,0,2,26,6,11,16,3,25,2,14,6
12/2/2016,7,1,1,3,1,1,1,1,2,0,0,1,1,1,0,2,22,7,10,15,5,22,2,2,5
12/2/2016,8,1,2,5,1,2,1,1,1,1,1,2,2,2,2,2,24,2,9,16,3,24,2,2,3
12/2/2016,9,4,3,8,4,4,2,1,4,3,8,8,8,6,8,5,27,9,14,18,18,24,5,7,17
12/2/2016,10,13,9,18,16,11,8,11,16,9,18,20,19,18,24,18,37,22,26,24,27,33,16,15,26
12/2/2016,11,26,23,32,29,26,19,24,28,22,32,32,35,31,36,29,43,37,36,37,37,35,29,34,39
12/2/2016,12,41,42,41,45,43,52,38,44,45,50,49,47,48,43,32,39,39,37,49,47,41,43,48,51
12/2/2016,13,54,55,56,60,58,72,50,63,58,58,61,55,53,53,34,42,45,40,60,54,37,56,54,63
12/2/2016,14,53,73,62,71,70,76,62,76,72,60,66,59,60,48,35,43,48,42,57,43,40,65,56,71
12/2/2016,15,44,86,55,80,75,90,60,76,84,59,68,55,52,43,37,47,49,44,64,32,40,59,59,36
12/2/2016,16,34,69,39,56,37,105,35,43,76,43,47,44,33,53,40,52,58,50,55,33,44,32,38,34
12/2/2016,17,30,35,32,45,28,88,37,33,38,40,35,36,33,40,42,50,55,49,44,34,44,33,37,31
12/2/2016,18,26,26,30,28,20,27,23,21,30,23,27,23,26,31,35,45,52,44,36,25,43,20,25,21
12/2/2016,19,17,23,17,7,12,13,10,10,21,15,21,14,10,23,19,40,36,32,35,17,33,9,19,8
12/2/2016,20,15,14,10,3,2,2,3,2,15,12,16,9,6,16,17,39,18,25,23,17,29,8,5,10
12/2/2016,21,12,9,9,7,11,1,1,2,10,6,6,7,2,5,8,40,2,17,17,17,29,3,5,8
12/2/2016,22,9,3,4,1,5,1,1,2,1,2,3,3,1,5,7,42,1,17,23,15,22,2,9,5
12/2/2016,23,9,1,3,3,1,1,1,2,0,0,2,2,1,1,13,43,1,19,20,19,25,3,4,4
12/2/2016,24,2,1,4,1,1,1,1,2,0,0,1,1,1,1,2,39,4,15,14,12,26,3,4,7
12/3/2016,1,1,1,2,1,1,1,1,2,0,0,1,1,1,1,15,38,12,3,13,16,25,2,13,13
12/3/2016,2,1,1,3,1,1,1,0,2,0,0,1,1,1,0,21,37,8,3,14,18,25,2,15,13
12/3/2016,3,1,1,2,1,1,0,1,2,0,1,1,1,1,0,3,39,12,2,15,10,24,1,12,18
12/3/2016,4,1,1,3,1,1,1,0,2,1,1,2,1,1,1,7,42,4,4,25,5,23,1,11,15
12/3/2016,5,1,1,3,1,1,1,1,2,1,0,1,2,1,1,7,39,9,4,25,24,27,1,11,9
12/3/2016,6,1,1,2,2,2,1,1,2,1,0,1,1,1,1,2,29,5,1,23,21,25,3,13,9
12/3/2016,7,1,1,3,1,1,1,1,2,1,0,1,1,1,0,2,26,12,1,19,11,19,1,4,5
12/3/2016,8,2,1,4,2,2,1,1,3,1,1,2,2,2,2,2,26,6,2,16,3,18,3,5,3
12/3/2016,9,6,4,7,5,6,3,3,6,4,7,9,9,7,5,5,28,11,10,19,19,19,12,13,11
12/3/2016,10,16,11,18,19,16,13,14,17,17,23,23,20,18,15,18,34,24,21,24,26,32,16,24,30
12/3/2016,11,28,24,31,30,27,29,29,30,31,32,33,31,31,31,28,41,35,34,38,33,33,30,39,38
12/3/2016,12,40,44,42,44,44,53,38,42,44,43,47,43,42,42,33,39,37,45,46,35,35,40,44,47
12/3/2016,13,48,57,52,56,53,65,48,60,52,50,49,49,47,44,38,37,37,45,59,33,49,48,56,52
12/3/2016,14,55,62,60,39,54,73,48,58,57,59,57,54,56,48,43,42,40,48,69,30,37,55,66,39
12/3/2016,15,63,69,66,42,42,72,42,42,43,67,61,57,55,53,48,49,45,49,42,38,42,39,71,39
12/3/2016,16,46,43,57,53,44,55,52,51,48,57,54,46,48,55,49,49,50,47,34,43,43,45,42,48
12/3/2016,17,34,42,40,44,45,38,40,44,49,47,43,38,37,41,50,46,52,45,35,32,39,42,38,38
12/3/2016,18,27,32,31,32,31,28,27,28,30,29,32,30,26,29,47,43,50,33,31,25,36,28,29,25
12/3/2016,19,21,20,18,24,21,19,12,18,15,10,15,17,11,31,38,36,40,29,35,21,32,12,21,13
12/3/2016,20,18,10,9,17,18,12,15,12,10,11,9,12,8,31,24,32,35,24,32,22,31,7,18,18
12/3/2016,21,13,4,6,4,13,5,14,11,7,2,11,11,9,30,13,32,29,17,30,21,32,3,8,15
12/3/2016,22,9,1,4,4,1,1,16,16,14,2,5,11,4,23,15,31,21,19,28,17,30,2,14,10
12/3/2016,23,4,1,6,2,2,1,5,12,4,4,6,7,4,11,15,31,18,15,25,18,30,1,3,14
12/3/2016,24,7,3,5,1,2,0,13,6,5,2,2,4,2,3,16,29,12,20,12,22,29,1,1,14
12/4/2016,1,2,3,2,2,1,1,16,4,2,0,1,1,1,1,12,28,9,18,22,22,28,1,1,13
12/4/2016,2,2,0,2,2,1,0,16,5,1,0,1,1,1,1,22,26,13,9,26,22,27,2,1,17
12/4/2016,3,2,1,2,5,1,0,20,8,4,0,1,1,1,1,16,27,7,17,22,20,25,1,2,14
12/4/2016,4,6,0,2,10,1,1,7,6,7,0,1,2,1,0,12,24,12,15,15,8,24,1,1,11
12/4/2016,5,3,1,3,5,1,1,1,2,7,0,2,5,1,1,11,23,20,12,11,5,24,1,2,6
12/4/2016,6,2,0,4,1,1,1,1,2,6,0,2,3,1,1,7,25,17,7,6,4,24,1,3,1
12/4/2016,7,6,1,3,1,1,1,1,2,5,0,2,2,1,1,10,20,14,9,9,3,22,1,1,1
12/4/2016,8,6,2,6,2,2,1,1,3,2,1,2,2,2,2,7,19,9,11,9,5,22,2,2,3
12/4/2016,9,12,6,12,7,7,2,6,10,5,6,7,9,6,8,14,22,12,19,12,15,22,8,7,7
12/4/2016,10,16,17,18,17,15,14,18,22,18,18,10,18,13,19,22,25,21,24,22,19,24,18,20,19
12/4/2016,11,20,28,24,28,19,25,26,30,27,27,22,23,22,25,23,25,22,26,29,21,25,28,31,30
12/4/2016,12,25,32,28,33,29,35,24,32,35,32,32,28,27,27,24,27,24,29,26,22,25,32,31,27
12/4/2016,13,27,34,33,27,28,44,24,27,29,30,36,33,33,32,29,29,28,34,26,24,27,26,27,26
12/4/2016,14,34,29,31,30,27,36,30,32,30,23,26,25,24,35,32,32,33,36,28,25,29,25,27,28
12/4/2016,15,28,32,28,28,25,29,25,29,31,22,24,23,19,35,33,40,38,32,29,25,30,23,28,28
12/4/2016,16,26,26,26,23,25,23,22,25,21,23,23,22,16,35,34,42,38,30,28,25,29,24,27,27
12/4/2016,17,23,19,23,19,18,19,19,19,16,21,21,20,15,35,37,41,36,27,27,22,28,22,26,24
12/4/2016,18,14,13,11,19,17,16,17,18,15,15,18,15,12,31,35,39,34,24,24,18,27,19,23,20
12/4/2016,19,12,6,6,11,10,6,13,12,9,12,12,15,10,27,32,32,32,20,22,14,24,10,18,19
12/4/2016,20,12,4,10,12,6,1,12,7,3,12,14,13,10,24,25,29,28,19,24,16,25,5,17,18
12/4/2016,21,9,5,6,13,9,4,12,10,3,13,15,14,13,22,16,28,28,19,25,20,26,7,11,21
12/4/2016,22,10,3,6,11,10,3,9,4,3,15,16,14,12,20,14,25,23,16,15,15,27,11,13,10
12/4/2016,23,9,5,8,10,5,1,10,5,3,14,15,16,12,16,12,23,22,24,11,15,25,7,13,13
12/4/2016,24,10,5,10,8,1,1,18,14,6,11,13,16,13,16,17,22,21,22,13,14,22,6,15,8
12/5/2016,1,12,1,11,3,2,1,14,13,3,11,10,15,6,18,22,22,20,20,18,14,20,3,12,9
12/5/2016,2,9,7,4,3,1,1,8,11,7,15,14,15,11,20,23,21,18,21,19,14,19,2,5,4
12/5/2016,3,13,3,2,6,4,0,10,8,4,15,15,14,14,20,22,19,18,21,19,15,19,2,3,11
12/5/2016,4,13,2,3,10,9,0,9,7,2,13,11,14,13,18,19,19,18,21,19,16,19,2,7,15
12/5/2016,5,7,2,4,14,2,1,10,7,7,8,5,6,8,9,19,19,18,19,18,15,19,2,6,15
12/5/2016,6,2,3,3,7,1,0,6,5,8,4,1,3,3,3,16,18,15,13,15,9,19,2,1,11
12/5/2016,7,1,1,2,1,1,1,1,2,6,0,2,1,1,2,8,18,8,7,10,3,19,1,1,5
12/5/2016,8,1,2,3,3,2,1,1,3,4,1,2,2,3,2,7,19,6,7,14,6,19,2,1,2
12/5/2016,9,7,7,8,11,4,4,6,6,7,6,6,5,6,6,14,20,12,14,16,12,20,6,7,13
12/5/2016,10,13,14,12,17,14,9,15,16,14,10,14,13,11,16,17,21,19,21,11,16,21,12,13,18
12/5/2016,11,20,20,18,21,20,19,19,21,20,22,21,21,18,22,18,23,22,25,20,18,23,18,21,20
12/5/2016,12,27,24,23,23,25,25,24,25,24,26,24,27,22,26,23,28,26,29,24,22,26,22,26,24
12/5/2016,13,31,27,28,25,26,27,26,26,24,27,27,29,24,31,27,34,29,32,27,24,26,26,26,26
12/5/2016,14,31,26,25,25,25,25,26,26,26,26,28,28,24,31,28,35,31,32,27,23,28,26,26,26
12/5/2016,15,32,25,27,25,26,26,24,25,24,25,27,25,23,32,28,32,29,31,26,22,27,26,25,24
12/5/2016,16,28,26,25,26,25,30,23,25,25,24,24,24,21,28,24,33,28,28,26,23,27,22,25,24
12/5/2016,17,25,28,20,27,22,32,22,25,24,21,24,22,19,25,31,33,29,26,26,22,27,20,22,21
12/5/2016,18,19,22,15,22,18,31,16,18,18,17,18,18,14,18,27,31,29,21,24,19,25,16,20,17
12/5/2016,19,12,15,10,8,9,14,12,10,8,11,10,11,9,8,24,29,27,14,22,14,24,9,15,12
12/5/2016,20,6,5,5,4,4,13,13,9,5,7,9,4,6,10,19,27,26,15,21,9,24,8,4,8
12/5/2016,21,1,3,3,5,3,2,7,7,5,1,3,2,2,5,15,26,21,8,20,7,19,2,2,5
12/5/2016,22,1,4,2,12,5,1,7,4,6,0,2,1,1,8,4,25,11,5,19,9,19,1,3,3
12/5/2016,23,1,1,2,10,2,2,5,2,5,0,1,1,1,2,3,26,11,2,12,11,15,1,1,10
12/5/2016,24,1,1,2,2,1,1,2,3,1,0,1,2,1,4,8,33,6,4,24,6,6,1,8,6
12/6/2016,1,12,1,11,3,2,1,14,13,3,11,10,15,6,18,22,22,20,20,18,14,20,3,12,9
12/6/2016,2,9,7,4,3,1,1,8,11,7,15,14,15,11,20,23,21,18,21,19,14,19,2,5,4
12/6/2016,3,13,3,2,6,4,0,10,8,4,15,15,14,14,20,22,19,18,21,19,15,19,2,3,11
12/6/2016,4,1,0,2,2,2,0,2,2,0,0,1,1,1,0,6,24,15,4,33,10,10,1,9,16
12/6/2016,5,2,0,3,1,1,1,1,2,0,0,1,1,1,0,13,27,14,2,23,7,7,1,9,7
12/6/2016,6,2,1,2,1,1,1,0,2,0,0,1,1,1,0,3,31,13,4,35,7,7,2,4,4
12/6/2016,7,2,1,3,1,2,1,0,2,0,0,1,2,1,0,2,36,11,4,34,4,6,2,2,4
12/6/2016,8,2,1,4,2,2,1,1,2,1,1,2,2,2,1,2,38,4,3,29,4,6,2,3,5
12/6/2016,9,3,3,7,6,4,3,4,5,3,4,5,7,5,8,9,37,7,7,24,16,11,3,13,16
12/6/2016,10,8,10,13,13,12,10,13,12,8,12,14,15,14,14,15,32,16,20,25,22,19,10,24,24
12/6/2016,11,22,20,27,22,21,20,23,24,17,27,33,27,29,25,25,37,32,32,32,30,29,25,27,35
12/6/2016,12,39,34,39,33,36,36,35,35,31,39,43,41,41,34,25,34,35,49,41,39,40,43,41,43
12/6/2016,13,47,56,50,48,53,47,46,49,54,45,49,49,48,48,28,35,34,49,51,43,45,45,45,49
12/6/2016,14,55,73,54,56,57,59,56,60,61,55,51,56,54,54,31,43,38,51,60,33,51,51,55,48
12/6/2016,15,68,79,63,73,54,76,51,65,72,60,59,65,61,63,36,46,47,62,67,38,54,45,59,35
12/6/2016,16,72,90,62,77,50,84,45,64,72,50,52,62,55,60,41,49,52,59,69,37,53,43,53,37
12/6/2016,17,39,87,49,62,52,74,52,56,69,38,42,46,42,50,50,53,56,54,49,33,39,39,40,32
12/6/2016,18,28,45,35,39,27,30,28,32,31,27,27,25,26,29,45,44,49,31,31,22,26,24,26,17
12/6/2016,19,23,19,27,17,16,12,8,13,6,11,10,12,11,22,35,34,38,24,35,18,16,12,13,6
12/6/2016,20,19,2,19,5,9,3,2,6,2,9,9,15,11,10,27,32,22,22,24,18,12,12,2,10
12/6/2016,21,12,1,11,1,1,2,0,3,2,4,7,10,7,4,13,27,4,10,13,17,9,5,4,14
12/6/2016,22,5,0,7,1,1,1,0,2,1,2,3,1,2,3,7,28,3,3,3,16,5,3,3,5
12/6/2016,23,2,0,3,1,1,1,0,2,0,0,2,1,1,1,7,29,6,5,8,4,3,1,3,1
12/6/2016,24,1,0,3,1,1,1,2,2,0,0,2,1,1,0,10,29,8,4,20,2,5,1,12,2
12/7/2016,1,1,1,2,1,1,1,2,2,0,0,1,1,1,0,6,28,7,5,25,3,7,2,14,7
12/7/2016,2,1,0,2,2,1,1,2,2,0,0,1,1,1,0,2,28,7,4,26,11,7,1,6,11
12/7/2016,3,1,0,2,4,2,1,2,2,0,1,2,1,1,0,1,28,6,8,24,8,7,1,1,13
12/7/2016,4,1,0,3,4,2,1,4,2,0,0,3,1,1,0,2,28,12,7,20,1,4,1,2,5
12/7/2016,5,1,0,4,4,1,1,6,2,0,0,1,1,1,0,2,21,4,4,15,2,5,1,11,8
12/7/2016,6,2,0,5,1,1,1,1,2,0,0,1,1,1,0,2,19,1,4,15,1,4,2,3,3
12/7/2016,7,2,0,7,1,1,1,0,2,0,0,1,1,1,0,2,16,3,4,16,1,3,2,1,1
12/7/2016,8,2,1,6,2,2,1,1,2,1,1,2,2,2,1,2,16,3,4,13,2,3,2,2,2
12/7/2016,9,3,3,6,4,3,3,3,4,2,4,4,4,4,7,4,20,7,6,13,8,6,3,5,10
12/7/2016,10,11,10,12,11,8,7,8,10,5,14,13,15,14,18,10,31,14,18,23,20,16,11,13,18
12/7/2016,11,27,21,26,24,22,17,22,21,17,35,32,32,33,29,22,39,35,34,40,27,32,32,32,32
12/7/2016,12,37,45,40,34,42,43,47,39,41,51,46,43,47,38,43,40,39,51,50,42,47,47,49,48
12/7/2016,13,41,68,48,55,53,60,60,60,71,54,54,48,52,41,38,31,34,50,64,48,32,53,59,57
12/7/2016,14,53,77,55,69,66,69,66,70,78,66,63,60,63,48,40,36,36,47,69,32,35,57,67,71
12/7/2016,15,64,85,60,86,71,79,71,77,80,75,73,68,72,56,46,46,46,45,75,33,40,59,73,43
12/7/2016,16,42,88,58,75,62,83,42,75,84,60,60,38,53,58,31,51,59,44,70,39,50,67,65,41
12/7/2016,17,32,83,32,67,39,86,59,54,76,46,35,29,37,43,34,47,58,41,53,48,53,41,42,53
12/7/2016,18,20,24,21,42,17,44,43,27,33,37,28,34,33,25,33,50,54,41,49,40,51,34,42,41
12/7/2016,19,14,12,19,20,5,18,9,7,25,22,10,19,17,15,25,45,36,27,40,30,47,27,18,17
12/7/2016,20,16,10,12,7,7,6,0,5,18,14,18,13,15,8,22,43,9,12,36,29,34,29,7,27
12/7/2016,21,7,3,3,4,4,3,0,3,3,12,12,7,10,5,15,45,4,5,33,28,30,24,13,30
12/7/2016,22,2,1,2,7,1,3,0,2,1,4,5,3,4,3,3,43,2,2,18,28,31,8,13,21
12/7/2016,23,3,1,2,11,1,1,1,2,0,2,2,2,2,1,6,42,1,3,28,21,32,2,5,3
12/7/2016,24,1,0,3,4,1,1,1,2,1,1,3,2,2,1,8,31,5,4,36,8,30,1,8,6
12/8/2016,1,1,1,2,1,1,1,1,2,0,0,1,2,1,0,2,27,15,3,40,13,34,3,17,15
12/8/2016,2,1,0,2,1,1,1,6,4,0,0,1,1,1,0,2,29,9,3,40,4,34,2,25,12
12/8/2016,3,1,0,3,2,1,1,6,2,0,1,1,2,1,0,2,28,13,5,41,6,36,1,23,16
12/8/2016,4,1,0,2,5,1,1,4,3,0,1,2,2,2,0,2,30,8,5,45,8,34,1,12,17
12/8/2016,5,1,1,4,6,1,1,5,4,0,0,2,2,1,0,2,32,2,3,45,8,37,1,27,13
12/8/2016,6,1,1,3,3,1,1,2,2,0,0,2,1,1,0,2,31,2,3,42,5,36,1,25,5
12/8/2016,7,1,1,4,1,2,1,0,2,1,0,2,1,1,0,2,30,3,3,35,4,36,2,13,1
12/8/2016,8,1,2,6,2,2,1,1,2,1,1,2,2,2,1,2,28,3,4,31,3,33,2,2,2
12/8/2016,9,3,6,6,4,3,2,2,4,2,4,4,5,4,3,3,31,4,6,22,20,26,3,6,11
12/8/2016,10,7,8,9,10,7,8,9,9,7,14,11,15,13,15,6,39,20,17,25,30,34,8,17,20
12/8/2016,11,24,15,26,23,21,16,24,26,20,27,26,27,27,36,24,51,37,35,35,31,47,22,33,26
12/8/2016,12,51,45,54,49,48,41,53,46,48,64,62,63,63,55,63,73,60,68,55,45,48,50,57,53
12/8/2016,13,65,67,69,66,61,69,70,68,65,83,82,83,83,72,78,88,81,88,74,65,58,77,86,78
12/8/2016,14,74,78,69,81,75,87,79,82,86,101,94,98,98,70,69,91,74,101,94,81,66,89,105,101
12/8/2016,15,58,67,62,83,79,80,91,77,84,110,93,102,102,70,60,69,53,110,101,94,85,90,115,110
12/8/2016,16,61,64,62,100,92,84,93,85,96,110,92,85,96,71,59,62,68,108,92,100,97,98,103,117
12/8/2016,17,60,67,55,98,78,83,97,79,94,96,85,78,86,58,55,68,58,93,87,89,88,96,90,90
12/8/2016,18,34,41,29,57,44,48,67,52,50,57,60,49,55,38,56,59,59,56,78,52,89,53,59,58
12/8/2016,19,19,28,17,27,23,31,28,29,30,26,25,19,23,30,52,60,51,26,46,35,66,26,31,37
12/8/2016,20,17,22,13,19,14,25,21,11,20,18,14,16,16,16,38,34,15,15,24,22,37,16,19,24
12/8/2016,21,8,15,21,19,10,19,18,9,13,7,10,7,8,20,10,20,14,14,23,20,34,9,19,22
12/8/2016,22,8,10,21,16,5,9,16,4,9,4,7,5,5,20,13,20,8,10,23,22,31,13,21,23
12/8/2016,23,11,14,24,8,9,2,19,6,6,7,5,4,5,24,7,16,5,4,20,20,25,14,21,22
12/8/2016,24,14,13,22,9,11,0,21,8,11,8,4,8,7,15,2,16,10,7,20,22,11,14,19,22
12/9/2016,1,10,12,17,17,12,7,20,8,12,8,4,8,7,8,3,18,12,9,23,22,24,12,22,21
12/9/2016,2,11,15,14,16,7,11,11,12,16,6,7,7,7,6,1,21,11,13,24,20,23,6,17,19
12/9/2016,3,12,16,13,15,9,7,11,12,17,6,8,9,8,10,2,18,8,12,16,13,17,5,7,13
12/9/2016,4,15,17,14,15,10,14,16,13,15,4,10,9,8,12,5,9,8,14,14,11,17,3,8,14
12/9/2016,5,14,14,12,12,13,5,16,5,15,3,5,7,5,10,3,6,8,15,14,13,21,5,13,14
12/9/2016,6,10,10,11,7,3,1,12,6,9,2,1,2,2,9,3,4,1,6,11,8,17,7,11,11
12/9/2016,7,4,4,16,2,2,1,5,2,2,0,2,1,1,8,4,8,1,2,7,7,21,3,6,8
12/9/2016,8,4,4,11,2,2,3,2,3,1,1,2,1,1,5,3,3,2,7,5,9,15,2,2,6
12/9/2016,9,8,10,12,4,5,7,4,5,6,3,6,4,4,11,7,3,4,11,5,7,12,3,3,7
12/9/2016,10,10,15,15,5,7,12,5,7,9,4,7,6,6,19,13,6,9,15,7,8,16,4,5,6
12/9/2016,11,17,18,21,10,12,16,12,11,14,11,11,10,11,25,21,9,15,14,11,9,19,11,9,9
12/9/2016,12,24,22,26,18,15,22,18,18,20,17,16,17,17,30,26,14,16,20,20,20,23,15,18,21
12/9/2016,13,32,29,31,28,27,27,28,26,30,28,27,29,28,34,33,25,28,30,26,25,26,26,27,28
12/9/2016,14,35,35,33,33,33,33,35,32,35,37,36,37,37,35,42,44,42,38,39,35,36,34,39,38
12/9/2016,15,35,36,34,35,35,41,35,32,39,42,40,43,42,34,44,57,50,44,53,44,46,41,47,48
12/9/2016,16,31,34,32,38,35,39,35,33,39,40,41,38,40,31,41,62,53,38,51,39,52,33,42,42
12/9/2016,17,26,29,28,31,27,31,30,27,28,32,35,29,32,29,34,53,38,29,37,37,45,30,35,38
12/9/2016,18,19,23,24,21,12,23,22,19,17,18,18,18,18,24,23,36,25,17,24,28,39,18,23,27
12/9/2016,19,15,20,14,16,7,19,13,9,16,6,9,11,9,21,18,20,16,12,19,19,28,11,16,20
12/9/2016,20,15,18,12,13,5,20,8,6,12,5,14,13,11,22,14,20,15,10,14,13,11,5,9,12
12/9/2016,21,16,18,14,14,5,20,9,10,13,3,5,11,6,21,10,18,12,10,11,13,9,7,8,10
12/9/2016,22,12,18,16,15,5,19,13,9,11,4,2,2,3,20,11,11,10,12,13,13,10,11,13,11
12/9/2016,23,13,17,18,18,2,10,17,12,13,6,6,2,5,22,11,12,6,5,17,17,25,14,15,15
12/9/2016,24,9,13,22,15,3,1,17,7,10,9,5,3,6,24,4,16,9,6,18,21,23,15,18,19
12/10/2016,1,14,13,24,15,2,8,16,4,5,10,5,3,6,25,7,16,9,4,21,22,23,15,19,22
12/10/2016,2,15,16,22,19,2,9,18,5,10,9,5,2,5,23,4,16,8,3,22,21,24,14,19,20
12/10/2016,3,16,16,6,20,5,6,21,10,6,13,11,6,10,16,2,18,8,4,21,23,22,17,20,21
12/10/2016,4,18,11,6,20,4,1,21,13,5,15,9,4,9,10,2,15,9,3,20,22,20,15,21,21
12/10/2016,5,13,2,3,17,2,0,18,14,1,12,3,1,5,3,1,15,11,4,22,23,22,11,21,20
12/10/2016,6,3,0,3,15,2,0,10,10,1,15,6,2,8,1,1,21,8,3,18,23,17,8,21,21
12/10/2016,7,1,0,3,8,1,1,1,3,0,8,3,1,4,1,2,20,7,3,11,22,15,2,17,20
12/10/2016,8,1,1,3,11,2,1,1,5,1,7,4,2,4,1,2,18,4,4,16,18,17,3,14,16
12/10/2016,9,9,2,6,13,10,8,18,12,1,13,11,8,11,3,6,16,10,9,18,18,22,11,19,19
12/10/2016,10,17,11,18,17,13,19,19,18,7,15,15,14,15,9,11,20,15,17,24,22,26,18,22,23
12/10/2016,11,22,23,25,23,18,25,19,16,20,20,20,19,20,25,21,26,22,20,26,22,29,18,24,24
12/10/2016,12,26,26,27,25,24,24,22,25,26,22,23,23,23,31,35,35,32,30,31,25,32,20,28,30
12/10/2016,13,29,28,23,28,32,29,29,26,26,34,36,37,36,32,43,43,40,38,39,31,35,30,36,36
12/10/2016,14,32,32,33,32,37,38,34,28,33,40,41,42,41,31,46,51,48,42,46,39,39,33,44,46
12/10/2016,15,35,33,37,37,39,38,37,34,38,42,43,44,43,32,45,63,56,45,49,40,44,36,46,48
12/10/2016,16,32,35,34,35,37,39,38,32,37,45,44,42,44,30,47,62,52,40,52,39,45,37,46,47
12/10/2016,17,20,30,29,33,36,33,36,31,34,37,37,37,37,28,13,58,42,35,49,41,46,31,39,46
12/10/2016,18,14,23,14,20,24,26,24,21,22,28,26,20,25,25,8,44,31,24,28,33,27,21,30,31
12/10/2016,19,8,15,10,12,12,23,16,12,13,14,15,5,11,21,6,31,17,9,29,18,32,10,13,14
12/10/2016,20,13,13,11,14,4,21,12,5,9,5,5,3,4,18,22,23,19,6,10,15,18,7,6,15
12/10/2016,21,7,12,13,14,2,20,14,8,7,5,4,1,3,13,12,9,10,6,12,14,17,13,12,16
12/10/2016,22,3,7,10,14,2,18,16,8,4,6,7,2,5,10,10,4,2,4,11,16,16,17,15,16
12/10/2016,23,8,5,3,6,6,11,14,9,3,9,11,5,8,13,2,10,7,4,15,15,12,15,16,17
12/10/2016,24,12,11,11,1,3,5,11,8,4,9,9,4,7,15,2,11,8,4,13,10,14,11,9,11
12/11/2016,1,12,4,16,5,2,0,15,3,5,10,4,3,6,11,2,15,9,4,8,12,14,15,13,14
12/11/2016,2,14,1,3,6,2,1,9,4,1,10,7,1,6,6,1,15,10,3,13,15,12,12,14,18
12/11/2016,3,12,1,3,4,1,1,6,3,4,10,4,1,5,4,2,18,10,3,18,19,13,6,13,15
12/11/2016,4,6,1,2,8,2,1,3,3,2,8,5,1,5,0,2,20,9,3,18,22,13,6,16,21
12/11/2016,5,3,1,2,5,2,1,0,3,2,10,5,1,5,0,1,17,2,3,20,22,12,6,18,21
12/11/2016,6,1,1,2,1,1,1,0,5,0,11,4,1,5,0,2,13,1,3,22,10,17,4,15,12
12/11/2016,7,1,1,2,1,1,1,0,3,0,3,2,1,2,0,2,11,0,3,18,7,17,3,12,6
12/11/2016,8,1,2,3,1,2,1,0,2,1,0,2,1,1,1,2,16,2,3,16,3,17,2,5,5
12/11/2016,9,4,4,5,6,3,2,3,6,3,3,3,3,3,4,5,21,9,6,18,15,20,4,5,10
12/11/2016,10,7,10,10,14,16,12,12,16,9,13,15,11,13,9,16,26,19,16,21,21,38,13,17,20
12/11/2016,11,19,19,22,25,29,25,22,21,15,24,24,23,24,25,30,33,28,25,31,33,39,22,27,30
12/11/2016,12,36,38,41,33,41,35,37,29,32,40,39,40,40,36,49,49,42,41,44,38,42,34,43,45
12/11/2016,13,52,46,62,42,48,48,42,39,49,51,53,49,51,48,62,60,55,54,56,49,58,49,51,55
12/11/2016,14,50,41,69,54,51,50,45,46,49,53,52,53,53,54,62,57,62,54,63,61,51,49,62,65
12/11/2016,15,44,43,50,57,50,50,60,52,54,62,58,66,62,51,67,67,65,65,76,61,63,55,68,67
12/11/2016,16,38,49,43,47,51,59,60,48,51,64,56,71,64,44,53,77,63,87,70,54,70,58,68,71
12/11/2016,17,41,50,45,45,51,52,48,47,53,53,49,57,53,41,48,71,80,68,72,53,63,52,68,64
12/11/2016,18,39,39,45,35,34,41,30,40,34,39,37,40,39,34,48,67,69,41,59,41,37,38,52,54
12/11/2016,19,17,20,33,23,19,26,10,15,16,26,28,23,26,19,45,58,40,20,46,19,30,15,28,9
12/11/2016,20,15,13,26,19,8,10,9,7,8,15,15,14,15,18,27,50,31,6,43,13,24,19,19,17
12/11/2016,21,10,12,9,15,11,1,14,6,9,9,10,7,9,13,4,34,23,16,28,22,20,14,13,13
12/11/2016,22,7,4,7,7,2,1,9,4,3,10,15,4,10,12,5,25,11,8,14,16,15,7,7,14
12/11/2016,23,2,2,3,11,2,1,5,4,1,4,5,2,4,11,3,20,7,2,19,15,23,5,3,9
12/11/2016,24,12,11,11,1,3,5,11,8,4,9,9,4,7,15,2,11,8,4,13,10,14,11,9,11
12/12/2016,1,12,4,16,5,2,0,15,3,5,10,4,3,6,11,2,15,9,4,8,12,14,15,13,14
12/12/2016,2,14,1,3,6,2,1,9,4,1,10,7,1,6,6,1,15,10,3,13,15,12,12,14,18
12/12/2016,3,12,1,3,4,1,1,6,3,4,10,4,1,5,4,2,18,10,3,18,19,13,6,13,15
12/12/2016,4,1,1,2,18,10,0,17,5,2,7,9,4,7,4,2,17,2,2,28,8,11,11,17,13
12/12/2016,5,1,1,2,20,5,1,12,3,7,3,5,1,3,1,2,19,5,2,26,6,9,3,15,16
12/12/2016,6,1,1,2,3,2,0,3,2,2,1,2,1,1,0,2,22,3,2,22,5,7,3,11,10
12/12/2016,7,1,1,4,1,1,1,2,2,1,1,1,1,1,1,2,25,2,2,26,3,5,1,3,2
12/12/2016,8,1,2,4,1,2,1,1,3,1,2,2,1,2,1,2,25,2,3,28,3,5,2,4,3
12/12/2016,9,4,4,6,6,4,2,3,4,2,4,4,5,4,8,3,28,6,6,21,18,10,3,9,18
12/12/2016,10,10,11,11,14,10,7,11,11,6,11,9,14,9,19,10,30,18,13,17,23,36,8,13,34
12/12/2016,11,24,25,26,30,28,14,26,26,19,25,22,29,24,33,25,40,33,25,33,28,42,27,28,38
12/12/2016,12,36,35,36,37,38,34,36,33,34,39,39,39,38,42,45,50,45,39,41,39,43,44,42,41
12/12/2016,13,43,44,51,43,49,47,42,43,46,52,50,54,52,48,56,56,53,53,53,47,51,55,54,55
12/12/2016,14,54,52,67,52,49,55,52,51,52,62,60,66,60,53,63,72,66,66,67,56,59,63,68,71
12/12/2016,15,72,61,79,60,58,60,57,57,57,71,70,76,67,54,72,81,76,75,80,65,61,66,77,81
12/12/2016,16,81,72,86,63,67,55,59,59,63,78,76,83,74,59,79,82,80,81,86,68,58,69,87,85
12/12/2016,17,79,70,88,61,75,52,56,59,61,79,80,81,75,60,86,81,79,86,86,68,67,68,91,87
12/12/2016,18,67,57,66,42,58,38,36,45,44,68,72,67,65,53,81,61,71,84,73,60,60,61,65,61
12/12/2016,19,27,17,54,19,23,20,22,18,13,35,45,34,27,32,42,66,63,40,66,40,50,36,43,17
12/12/2016,20,10,12,21,25,3,3,10,3,3,5,5,6,5,21,20,67,33,17,64,27,35,29,31,25
12/12/2016,21,7,10,14,11,7,4,3,2,5,5,6,2,7,19,18,67,31,12,49,35,40,19,29,23
12/12/2016,22,4,6,18,8,2,7,12,2,4,3,5,2,2,20,6,62,25,5,26,25,39,4,7,25
12/12/2016,23,3,9,6,17,2,4,26,7,0,2,3,1,1,18,28,26,15,3,35,24,33,15,11,16
12/12/2016,24,5,7,5,15,2,1,20,5,0,7,13,6,1,14,13,14,2,2,31,18,30,13,10,16
12/13/2016,1,14,13,3,11,5,1,15,11,0,16,16,10,3,8,6,20,10,3,36,19,34,18,15,19
12/13/2016,2,26,9,2,20,6,1,17,12,10,20,12,9,5,10,14,25,8,3,38,23,32,23,22,18
12/13/2016,3,12,1,3,22,10,0,19,4,7,18,15,8,4,6,5,27,10,3,35,20,31,20,21,24
12/13/2016,4,2,1,3,17,7,1,18,7,2,7,7,8,4,3,2,31,10,3,38,20,34,3,20,16
12/13/2016,5,2,1,3,16,4,1,16,5,1,3,3,2,4,3,2,30,12,2,36,16,34,1,24,17
12/13/2016,6,1,1,3,7,2,1,6,2,1,1,2,1,1,1,2,32,9,3,34,9,34,1,15,9
12/13/2016,7,1,1,4,1,2,1,2,2,0,1,1,1,1,1,2,33,5,3,31,2,35,1,3,4
12/13/2016,8,1,2,5,2,2,1,1,3,1,1,2,2,1,1,2,32,3,3,26,2,37,2,4,6
12/13/2016,9,4,5,5,5,3,2,3,4,2,4,5,6,5,5,3,33,4,4,9,4,31,3,10,15
12/13/2016,10,12,13,11,14,8,8,8,12,7,12,11,11,9,14,13,40,22,9,22,13,49,10,18,19
12/13/2016,11,29,24,29,24,21,20,28,20,18,26,22,19,19,29,33,50,36,25,30,30,57,21,31,27
12/13/2016,12,40,42,45,29,36,42,42,33,41,41,39,42,35,52,60,60,55,46,49,44,54,40,51,55
12/13/2016,13,61,58,59,59,63,60,58,53,60,66,66,62,62,61,76,72,71,64,69,60,66,62,71,70
12/13/2016,14,68,68,67,68,75,68,68,70,72,78,82,82,78,65,93,87,89,77,83,73,80,77,79,86
12/13/2016,15,74,71,72,73,91,77,87,76,76,95,92,102,92,65,96,113,102,98,91,78,92,84,94,94
12/13/2016,16,70,70,68,69,79,79,85,72,74,106,100,105,88,64,99,118,108,102,103,81,96,90,102,101
12/13/2016,17,66,68,62,69,72,68,78,63,70,91,81,89,63,64,88,118,102,86,105,80,96,72,101,103
12/13/2016,18,55,55,59,58,46,61,53,54,52,76,61,64,42,60,74,107,79,56,83,54,84,55,75,76
12/13/2016,19,35,40,51,37,12,42,46,19,14,29,18,13,12,38,37,87,68,14,75,32,61,32,35,9
12/13/2016,20,8,12,31,30,2,17,38,10,3,16,10,8,5,25,41,70,35,7,63,35,66,24,30,7
12/13/2016,21,7,11,11,28,2,3,13,2,8,4,7,5,11,11,5,50,22,8,48,32,53,21,21,10
12/13/2016,22,17,6,12,9,1,9,20,2,5,2,2,3,3,17,4,28,17,7,38,26,32,16,6,10
12/13/2016,23,11,8,15,12,1,12,28,5,12,4,2,2,2,26,2,24,10,4,32,26,37,19,9,8
12/13/2016,24,13,1,17,16,3,6,31,13,16,12,5,1,1,30,2,24,16,4,32,29,37,21,14,15
12/14/2016,1,22,1,35,21,11,1,29,15,19,17,10,5,11,25,2,27,26,4,29,33,37,25,18,18
12/14/2016,2,21,1,27,30,10,1,38,13,8,20,19,13,14,17,2,31,30,8,38,37,39,29,22,21
12/14/2016,3,14,1,11,35,10,1,35,2,14,28,18,13,8,7,2,37,29,11,44,39,48,32,31,31
12/14/2016,4,3,1,3,34,5,1,35,8,10,7,17,4,10,7,2,43,19,4,47,38,45,29,32,31
12/14/2016,5,1,2,3,32,4,1,25,14,10,6,5,1,1,2,2,45,15,3,43,28,46,6,32,25
12/14/2016,6,1,1,3,17,2,0,12,3,0,2,1,1,1,1,2,42,18,4,44,19,46,3,21,7
12/14/2016,7,1,1,5,1,1,1,1,2,3,1,1,2,2,1,2,42,3,4,43,3,44,1,16,2
12/14/2016,8,2,2,4,2,2,1,2,3,1,2,2,2,2,2,2,40,2,4,40,2,45,2,9,3
12/14/2016,9,6,5,6,7,4,4,5,5,4,4,6,6,6,8,4,40,10,9,31,13,33,4,11,10
12/14/2016,10,13,12,16,19,8,12,14,15,10,11,15,13,13,23,15,47,22,22,29,23,45,9,19,17
12/14/2016,11,32,30,31,37,29,28,31,29,18,23,27,32,27,40,35,36,39,34,38,37,51,24,33,36
12/14/2016,12,46,51,47,44,40,43,44,36,35,43,42,47,38,51,47,49,49,50,45,47,51,41,43,45
12/14/2016,13,46,63,48,46,53,61,57,38,53,60,59,58,49,59,69,65,65,61,62,64,60,67,63,68
12/14/2016,14,63,63,55,54,69,70,66,51,75,72,72,72,65,63,82,79,79,75,80,77,74,72,76,88
12/14/2016,15,74,69,61,61,79,77,66,66,87,83,78,82,75,68,96,97,97,97,90,86,86,70,87,97
12/14/2016,16,78,75,62,72,83,79,76,71,91,84,88,92,86,74,99,107,99,91,99,93,93,76,97,97
12/14/2016,17,80,75,62,70,78,77,76,69,92,87,86,85,79,71,98,109,99,96,102,93,101,71,99,96
12/14/2016,18,64,59,59,61,71,56,51,53,72,76,69,70,63,62,74,99,88,92,77,74,83,48,72,73
12/14/2016,19,31,33,49,38,12,35,17,19,25,19,28,16,18,32,56,84,72,55,91,52,69,14,53,48
12/14/2016,20,9,15,22,30,13,12,23,7,12,3,23,11,12,19,36,80,48,23,64,34,64,17,34,23
12/14/2016,21,4,6,15,25,7,3,32,8,8,10,10,7,2,17,8,65,43,5,44,22,57,18,11,13
12/14/2016,22,4,5,13,14,7,1,28,7,2,6,14,8,4,13,7,33,20,5,43,17,50,12,16,6
12/14/2016,23,7,4,13,12,4,1,19,7,1,3,9,6,2,12,19,29,10,5,37,13,41,10,9,9
12/14/2016,24,11,7,9,6,7,4,24,11,1,4,8,4,2,11,2,27,3,4,30,10,33,5,10,7
12/15/2016,1,14,4,4,12,13,3,25,12,1,11,12,5,5,10,2,21,2,4,11,2,29,12,6,11
12/15/2016,2,13,9,2,10,12,4,26,12,1,17,17,11,6,2,2,15,1,9,15,2,28,13,2,4
12/15/2016,3,8,12,1,9,11,1,21,12,2,17,16,8,2,5,2,7,1,5,15,9,26,7,3,14
12/15/2016,4,1,12,1,18,10,0,15,13,1,18,12,11,10,3,2,14,4,4,12,11,27,7,6,5
12/15/2016,5,1,7,2,19,3,0,11,13,3,15,14,5,6,0,2,13,3,4,13,4,29,2,2,6
12/15/2016,6,1,2,2,12,2,0,3,2,1,9,4,0,1,0,2,17,4,3,13,6,21,3,2,5
12/15/2016,7,1,1,1,2,2,0,1,3,0,1,1,0,1,0,2,12,2,3,9,1,23,3,1,1
12/15/2016,8,1,1,2,3,1,1,1,2,1,1,2,1,1,1,2,11,2,4,5,5,28,2,1,2
12/15/2016,9,1,3,3,4,2,1,9,4,2,3,2,1,2,3,2,15,2,4,12,7,19,6,8,8
12/15/2016,10,9,9,6,10,5,3,11,7,6,4,5,3,3,16,3,17,4,6,13,13,30,8,10,14
12/15/2016,11,18,18,15,13,13,20,16,11,13,10,12,8,9,25,6,22,10,9,21,23,38,15,16,22
12/15/2016,12,24,27,24,21,19,32,21,16,27,23,26,24,20,31,13,34,20,28,31,36,37,26,26,34
12/15/2016,13,43,42,39,42,36,40,34,34,42,43,44,40,37,39,35,47,38,44,43,41,39,40,40,42
12/15/2016,14,55,54,53,54,52,46,52,55,54,65,60,61,53,45,59,65,67,58,58,51,51,54,61,60
12/15/2016,15,63,59,60,58,66,42,67,66,54,79,73,79,65,31,84,81,87,72,74,59,52,66,75,70
12/15/2016,16,45,29,57,46,73,43,67,58,38,83,79,79,66,23,92,83,84,77,79,56,54,65,80,73
12/15/2016,17,17,34,19,27,45,37,48,18,27,81,65,69,48,18,64,81,82,76,71,49,53,57,72,44
12/15/2016,18,23,16,19,24,14,18,15,12,15,44,28,31,10,7,70,75,73,72,54,38,48,22,51,32
12/15/2016,19,32,15,41,10,3,17,6,6,11,10,9,14,3,12,57,65,67,25,23,18,41,7,25,14
12/15/2016,20,12,11,22,7,4,13,4,4,6,0,1,0,1,10,48,59,51,10,13,9,18,4,16,8
12/15/2016,21,4,9,4,10,3,14,6,3,4,0,1,5,2,9,19,31,40,33,9,7,9,2,4,7
12/15/2016,22,2,7,4,13,1,12,9,4,7,1,1,0,1,3,10,8,10,3,17,8,7,5,5,7
12/15/2016,23,1,6,2,12,1,9,6,3,7,1,2,0,1,5,3,2,2,1,13,4,16,3,4,5
12/15/2016,24,1,6,2,7,1,1,3,3,3,1,1,0,1,6,1,2,2,2,2,2,11,3,5,2
12/16/2016,1,1,4,2,3,2,0,1,3,2,0,1,0,1,2,1,3,6,2,2,10,9,1,5,6
12/16/2016,2,1,4,2,3,1,0,1,2,1,0,1,0,1,1,1,2,4,2,17,7,13,1,2,1
12/16/2016,3,1,7,2,1,1,0,1,2,1,0,1,1,1,0,1,2,3,2,4,2,17,2,2,2
12/16/2016,4,1,1,2,1,1,0,1,1,4,0,1,1,1,0,1,2,1,3,13,2,21,1,10,3
12/16/2016,5,1,0,3,3,1,0,1,0,4,0,1,1,1,0,1,1,1,1,18,2,19,1,5,4
12/16/2016,6,1,1,3,2,1,0,1,2,0,0,2,1,1,0,1,2,1,3,14,1,15,1,1,1
12/16/2016,7,1,1,3,1,1,1,1,2,1,1,2,2,1,0,1,2,2,3,11,1,16,2,1,1
12/16/2016,8,1,1,3,1,2,1,1,2,1,1,2,1,2,1,2,2,2,3,4,2,17,2,1,2
12/16/2016,9,3,3,4,2,2,1,1,3,3,2,4,3,2,3,3,5,6,6,7,5,13,3,4,7
12/16/2016,10,10,9,11,7,7,7,5,8,5,8,10,9,8,10,7,10,11,13,17,10,28,15,11,13
12/16/2016,11,23,25,23,17,19,16,19,16,13,23,23,23,19,26,15,24,29,28,31,22,30,26,25,26
12/16/2016,12,41,41,41,35,37,38,39,31,31,45,45,49,35,44,31,42,43,51,47,40,35,43,47,44
12/16/2016,13,61,55,74,51,51,55,54,38,55,67,64,67,55,52,43,52,49,64,58,50,60,60,68,58
12/16/2016,14,74,74,78,61,54,61,48,61,65,83,79,78,71,69,49,60,49,81,61,56,39,68,78,70
12/16/2016,15,76,58,86,41,52,56,46,49,49,82,86,69,77,73,31,45,37,66,69,49,47,66,83,80
12/16/2016,16,42,32,39,23,28,36,41,32,21,54,39,44,34,64,26,32,38,32,45,49,42,36,59,66
12/16/2016,17,31,20,34,23,26,33,40,26,17,27,28,31,22,32,24,29,31,33,39,39,28,23,35,35
12/16/2016,18,18,14,12,17,8,16,30,18,14,19,17,21,9,24,22,20,21,17,23,25,20,15,25,11
12/16/2016,19,3,1,3,11,2,1,4,3,7,5,2,3,2,3,4,9,17,5,12,11,16,3,5,5
12/16/2016,20,2,2,3,3,2,0,1,3,5,1,2,2,1,3,2,3,3,3,13,14,7,2,2,3
12/16/2016,21,1,3,17,7,1,1,1,6,18,1,2,1,1,3,3,4,6,3,20,13,9,3,1,4
12/16/2016,22,3,2,12,7,1,0,1,6,12,1,1,1,1,18,6,4,2,3,23,13,12,4,3,7
12/16/2016,23,1,7,2,2,1,0,1,4,6,0,1,0,1,13,4,6,12,3,5,9,13,2,1,2
12/16/2016,24,1,7,3,1,1,0,1,3,1,0,2,1,1,8,2,4,7,3,2,1,12,2,1,1
12/17/2016,1,2,1,3,1,1,0,1,2,1,1,2,1,1,2,3,13,7,3,1,1,16,2,1,1
12/17/2016,2,2,1,2,1,1,0,1,2,1,1,1,1,1,1,2,14,5,3,1,1,19,1,1,2
12/17/2016,3,1,0,2,1,1,1,1,2,1,1,2,1,1,1,2,30,2,3,1,2,17,2,5,4
12/17/2016,4,1,0,3,2,1,0,1,2,1,1,2,1,1,1,1,30,2,3,11,2,18,1,8,7
12/17/2016,5,1,1,2,1,1,1,1,2,1,0,1,1,1,1,1,26,2,3,12,5,16,2,3,5
12/17/2016,6,1,1,4,1,1,1,0,2,1,0,1,1,1,0,2,25,1,3,14,3,17,1,1,2
12/17/2016,7,1,1,3,1,1,1,1,2,1,1,1,1,1,1,2,22,4,3,14,3,24,2,1,2
12/17/2016,8,2,1,5,2,2,1,1,2,1,1,2,1,1,1,2,22,6,4,11,3,29,2,1,2
12/17/2016,9,4,3,7,4,3,2,3,4,2,7,5,4,4,5,4,25,8,8,15,12,30,5,5,14
12/17/2016,10,15,10,17,14,10,6,13,11,6,18,16,18,13,20,21,32,22,18,22,21,33,16,14,23
12/17/2016,11,34,27,34,26,27,23,27,28,17,32,34,35,24,34,35,43,39,33,38,28,34,30,39,32
12/17/2016,12,45,48,45,41,46,46,42,38,37,47,49,48,44,45,37,44,49,51,48,33,35,46,50,51
12/17/2016,13,53,56,57,50,58,59,40,58,51,57,64,63,56,50,40,43,49,54,51,36,39,57,59,55
12/17/2016,14,67,58,66,38,50,66,38,44,56,64,68,60,61,51,39,41,47,54,53,30,43,46,59,51
12/17/2016,15,64,57,58,35,65,61,45,49,46,68,69,54,55,57,40,43,42,52,40,34,41,61,69,51
12/17/2016,16,45,51,49,43,70,54,46,58,46,62,73,50,53,54,44,50,45,55,52,35,44,44,65,43
12/17/2016,17,41,52,46,49,46,47,40,43,50,43,54,44,54,47,48,49,51,48,45,34,45,39,57,39
12/17/2016,18,30,36,36,36,34,49,31,30,36,28,33,30,29,36,48,47,52,37,36,29,45,27,37,32
12/17/2016,19,25,23,23,22,26,29,22,23,18,16,16,21,19,30,37,41,46,31,34,28,41,25,29,29
12/17/2016,20,19,13,14,18,26,15,22,19,6,4,8,11,12,32,26,40,35,30,31,21,38,10,24,21
12/17/2016,21,14,7,7,7,19,7,11,14,12,9,10,15,9,27,13,36,20,23,29,13,30,3,10,20
12/17/2016,22,9,4,7,1,2,1,14,16,15,9,12,12,4,23,12,34,13,18,25,16,25,3,1,13
12/17/2016,23,7,7,11,1,1,1,1,8,8,11,7,7,2,13,8,33,6,9,26,19,24,2,1,13
12/17/2016,24,3,2,10,1,1,1,2,2,3,4,3,2,1,10,6,31,6,8,18,20,8,2,1,11
12/18/2016,1,2,1,3,1,1,0,1,2,1,1,2,1,1,2,3,13,7,3,1,1,16,2,1,1
12/18/2016,2,2,1,2,1,1,0,1,2,1,1,1,1,1,1,2,14,5,3,1,1,19,1,1,2
12/18/2016,3,1,0,2,1,1,1,1,2,1,1,2,1,1,1,2,30,2,3,1,2,17,2,5,4
12/18/2016,4,2,1,2,3,1,0,2,2,0,0,3,0,1,1,3,25,7,4,23,25,10,10,8,17
12/18/2016,5,2,0,4,3,1,0,1,2,0,0,4,1,1,1,2,23,7,3,21,25,11,11,12,19
12/18/2016,6,2,0,10,1,1,1,2,2,2,0,1,1,1,1,1,23,9,3,19,18,7,1,7,15
12/18/2016,7,1,1,1,1,1,0,1,2,0,1,1,1,1,0,2,18,6,3,20,5,5,1,6,8
12/18/2016,8,2,1,2,1,1,1,1,2,1,1,2,2,2,2,2,16,2,5,22,4,5,2,4,8
12/18/2016,9,8,3,4,4,4,2,5,5,5,6,7,7,6,6,3,20,8,11,18,11,8,5,8,8
12/18/2016,10,19,15,14,13,17,15,15,12,10,16,18,19,14,18,12,30,16,22,25,20,19,16,18,21
12/18/2016,11,32,33,29,28,32,34,29,31,30,33,34,30,33,35,32,41,35,33,35,28,33,35,34,37
12/18/2016,12,48,46,42,43,47,44,42,50,44,49,50,49,45,40,60,56,58,50,49,40,43,45,53,51
12/18/2016,13,49,52,51,53,57,58,62,57,57,62,61,59,56,47,81,73,73,60,61,53,53,57,65,59
12/18/2016,14,53,51,54,65,64,62,66,70,64,69,68,67,58,48,99,91,88,69,73,64,61,68,78,74
12/18/2016,15,58,54,55,73,73,63,80,79,63,82,78,77,66,46,93,86,98,77,80,67,63,76,88,82
12/18/2016,16,60,46,62,74,77,55,76,79,63,89,85,86,77,43,65,69,81,90,85,61,52,76,93,81
12/18/2016,17,42,38,53,70,72,43,61,75,49,80,74,87,70,41,59,58,57,81,84,43,42,63,79,42
12/18/2016,18,31,30,36,34,37,34,34,36,33,56,54,58,41,33,52,57,57,52,63,42,44,36,58,33
12/18/2016,19,23,24,24,27,20,30,29,21,25,27,27,22,24,20,33,55,58,24,45,30,43,24,32,26
12/18/2016,20,19,23,19,26,15,26,31,20,23,22,19,17,13,30,8,43,19,19,29,29,14,24,26,29
12/18/2016,21,20,24,29,20,16,24,28,19,13,20,18,19,17,27,15,22,19,16,28,28,12,24,29,30
12/18/2016,22,17,20,19,14,11,14,26,14,17,19,18,13,17,19,20,22,11,19,26,22,15,20,25,28
12/18/2016,23,11,15,14,16,16,17,19,16,16,15,11,8,16,12,9,17,7,11,22,24,23,18,24,27
12/18/2016,24,6,14,4,17,10,12,22,16,11,10,14,6,11,5,3,13,4,5,19,22,23,15,20,23
12/19/2016,1,2,11,5,18,9,6,12,11,5,20,16,14,10,2,2,13,2,4,16,20,21,11,12,18
12/19/2016,2,1,4,3,9,1,6,10,3,6,10,12,5,8,2,2,15,4,1,19,7,14,4,8,11
12/19/2016,3,2,1,2,11,1,11,13,4,3,6,3,2,2,4,2,14,3,2,10,10,12,10,8,9
12/19/2016,4,1,3,3,14,3,7,14,6,3,8,7,1,1,6,1,9,3,1,8,12,10,9,13,14
12/19/2016,5,5,11,3,15,1,4,13,5,10,8,2,1,2,6,2,4,2,1,12,10,14,9,13,6
12/19/2016,6,8,5,2,9,3,1,13,7,8,5,3,1,1,2,1,6,2,1,12,7,13,6,13,12
12/19/2016,7,5,3,2,3,2,0,4,4,2,1,3,1,1,1,2,5,1,1,8,12,7,4,9,11
12/19/2016,8,1,5,2,2,2,1,2,6,4,2,2,1,2,1,2,12,3,1,7,10,5,2,2,8
12/19/2016,9,2,5,3,10,6,11,8,7,11,6,6,4,3,1,3,13,5,7,10,8,8,6,9,8
12/19/2016,10,6,9,5,16,8,16,17,12,12,10,9,7,5,13,9,19,11,13,19,7,20,13,14,11
12/19/2016,11,17,21,17,22,16,23,25,17,17,16,13,13,13,27,21,21,20,21,17,17,23,23,21,18
12/19/2016,12,33,33,32,34,26,37,37,27,31,30,30,31,24,32,36,35,37,36,27,29,30,33,34,32
12/19/2016,13,40,34,36,40,43,41,41,42,42,37,41,41,38,32,48,49,48,43,40,47,41,38,43,50
12/19/2016,14,45,37,36,43,55,39,48,44,48,57,55,58,47,34,61,65,61,58,55,52,55,51,56,57
12/19/2016,15,49,37,43,40,54,40,49,43,38,68,63,64,49,35,67,76,79,65,65,58,61,61,65,68
12/19/2016,16,44,35,43,35,48,38,45,41,35,71,57,60,50,32,72,83,86,62,70,57,66,56,71,70
12/19/2016,17,34,28,27,33,38,40,35,32,32,58,49,54,46,28,75,81,87,55,68,50,65,47,69,65
12/19/2016,18,16,20,20,23,19,20,19,16,17,41,32,31,19,20,64,64,80,49,61,36,52,26,59,42
12/19/2016,19,12,13,14,11,6,16,9,6,9,9,10,4,5,11,26,44,47,12,35,21,35,7,15,14
12/19/2016,20,8,10,9,13,2,17,10,6,5,2,2,2,3,14,14,42,17,6,11,14,23,8,8,12
12/19/2016,21,4,9,13,13,2,18,11,6,10,6,2,1,1,9,16,7,1,5,10,12,14,9,9,12
12/19/2016,22,4,9,14,4,5,7,10,6,11,6,2,1,2,13,9,4,1,3,9,12,13,9,10,12
12/19/2016,23,4,8,15,2,3,4,12,8,8,3,4,1,2,12,2,6,4,3,9,13,10,10,11,10
12/19/2016,24,6,9,15,5,3,8,15,9,2,9,7,3,1,11,3,8,5,4,11,8,13,12,11,9
12/20/2016,1,8,8,11,13,3,4,16,11,2,9,8,4,1,12,3,13,7,4,5,11,16,13,10,10
12/20/2016,2,14,3,11,8,3,7,17,13,1,13,10,5,1,7,2,15,9,4,8,11,15,14,13,11
12/20/2016,3,13,1,15,8,3,5,19,13,2,13,7,2,1,9,2,14,11,3,14,13,16,15,14,10
12/20/2016,4,9,3,5,14,4,3,20,12,1,12,11,6,1,2,3,17,14,3,15,15,18,14,17,14
12/20/2016,5,2,2,5,14,1,1,17,10,1,10,5,2,1,1,2,16,14,3,11,13,15,10,16,13
12/20/2016,6,2,1,3,12,1,0,13,3,1,3,2,1,1,1,2,16,12,3,10,9,11,4,10,7
12/20/2016,7,1,1,2,10,1,1,7,4,1,1,2,1,1,1,2,15,10,3,8,9,8,3,2,8
12/20/2016,8,1,1,3,9,2,2,5,4,1,2,3,1,2,1,2,13,2,3,7,3,7,2,2,2
12/20/2016,9,3,7,4,10,4,8,10,6,5,8,5,4,5,4,3,17,4,4,12,8,16,8,7,8
12/20/2016,10,7,14,6,12,8,18,13,8,11,15,11,9,8,14,14,21,11,9,14,13,19,12,14,16
12/20/2016,11,19,20,16,17,17,22,19,16,18,18,16,16,17,21,15,25,17,17,17,19,19,16,18,21
12/20/2016,12,28,28,26,23,26,28,24,25,26,26,26,29,25,30,29,33,27,29,25,24,24,24,27,26
12/20/2016,13,36,34,33,33,34,37,33,33,35,36,39,41,36,40,42,43,41,37,36,30,30,35,38,35
12/20/2016,14,44,35,40,40,42,37,44,43,41,52,48,56,46,42,57,56,53,53,46,41,40,45,49,48
12/20/2016,15,45,34,46,42,45,39,53,45,40,61,59,65,52,40,71,69,65,62,58,50,53,54,61,60
12/20/2016,16,46,31,41,36,53,33,49,38,35,65,58,68,54,32,78,79,75,67,66,55,58,55,68,64
12/20/2016,17,28,27,29,28,26,34,32,27,31,60,50,62,37,28,69,81,80,69,72,53,63,45,68,66
12/20/2016,18,17,21,24,23,17,24,25,17,22,23,23,22,14,21,61,74,73,34,50,27,52,19,42,29
12/20/2016,19,12,16,17,10,9,19,13,9,14,8,11,13,11,17,26,60,57,10,20,18,31,13,17,18
12/20/2016,20,9,12,14,5,4,16,13,12,15,10,7,3,7,11,21,24,12,5,17,15,25,9,14,15
12/20/2016,21,5,13,14,6,5,6,13,7,10,5,6,4,4,7,10,8,5,4,13,15,18,9,13,15
12/20/2016,22,8,12,10,5,2,3,14,4,4,5,5,2,2,15,3,7,2,4,12,15,15,11,12,14
12/20/2016,23,9,2,11,6,2,2,14,3,1,7,5,1,1,13,2,10,3,4,12,16,17,12,12,13
12/20/2016,24,8,2,3,6,3,1,14,4,0,5,4,1,1,10,2,11,3,4,13,15,16,10,12,14
12/21/2016,1,11,1,3,9,6,2,12,7,0,7,6,2,1,8,2,13,5,4,11,14,19,10,13,14
12/21/2016,2,15,1,3,8,5,3,13,9,1,11,9,3,1,8,1,11,3,4,13,14,18,8,15,14
12/21/2016,3,9,5,12,9,2,1,15,10,1,10,3,1,1,4,2,8,3,4,14,12,15,6,14,12
12/21/2016,4,9,10,8,10,1,1,14,2,1,10,2,2,2,1,2,4,9,4,17,17,20,10,16,16
12/21/2016,5,6,3,2,9,1,1,12,4,1,7,2,1,2,1,2,10,6,4,19,16,21,5,15,14
12/21/2016,6,1,1,4,7,1,1,6,3,3,2,4,1,1,1,2,4,1,4,12,10,17,4,6,6
12/21/2016,7,1,1,3,6,1,1,2,2,1,1,3,1,1,2,2,9,3,4,11,1,6,3,1,1
12/21/2016,8,2,1,3,2,1,1,2,2,1,2,3,1,2,1,2,13,4,4,16,4,13,2,3,3
12/21/2016,9,5,3,5,5,5,2,4,4,3,4,6,4,5,4,3,18,6,8,14,17,16,5,7,8
12/21/2016,10,10,9,10,12,8,9,9,7,9,10,10,11,8,12,15,20,13,13,18,22,26,12,11,17
12/21/2016,11,16,18,18,24,16,24,18,18,21,18,18,19,17,24,22,27,23,20,21,24,28,24,19,26
12/21/2016,12,25,28,26,28,22,32,29,27,28,28,30,31,30,30,35,39,35,32,32,29,30,27,32,32
12/21/2016,13,35,36,34,34,35,38,42,35,34,37,41,41,45,33,50,54,48,44,46,41,41,34,41,42
12/21/2016,14,41,42,39,43,51,43,47,46,43,47,53,61,51,39,61,69,62,59,57,50,52,47,49,56
12/21/2016,15,51,46,46,48,58,48,50,52,51,63,64,67,63,44,72,83,75,76,65,61,62,54,63,68
12/21/2016,16,59,48,58,54,65,50,56,51,49,70,55,77,68,49,81,93,77,81,76,66,70,57,72,78
12/21/2016,17,57,49,59,55,63,49,56,52,50,76,64,79,69,51,67,92,83,76,76,61,67,59,78,69
12/21/2016,18,40,34,43,40,56,37,32,38,35,63,62,53,54,37,51,71,79,73,53,50,53,53,68,54
12/21/2016,19,16,20,27,19,13,13,18,12,11,22,27,25,25,20,32,55,55,55,56,18,40,10,40,21
12/21/2016,20,7,9,15,11,5,2,19,3,5,11,8,15,10,15,27,44,49,21,37,16,39,9,8,14
12/21/2016,21,5,9,14,7,1,1,13,3,2,3,2,3,3,13,10,43,36,4,21,11,21,9,7,10
12/21/2016,22,4,6,3,4,1,1,10,3,1,4,2,2,1,13,4,24,6,3,19,10,19,9,4,3
12/21/2016,23,5,2,2,3,2,1,9,3,0,2,4,4,1,7,4,17,2,4,16,7,14,2,2,2
12/21/2016,24,4,1,2,3,1,1,2,2,1,1,1,2,1,1,2,15,2,3,18,2,20,2,6,7
12/22/2016,1,2,1,2,2,1,1,1,2,1,1,1,2,1,1,2,16,1,3,13,3,27,1,5,10
12/22/2016,2,2,1,3,6,1,1,1,2,1,1,1,1,1,1,2,17,1,3,9,2,27,2,9,6
12/22/2016,3,2,0,3,5,1,1,1,2,1,1,0,1,1,1,2,16,2,3,5,2,27,1,6,5
12/22/2016,4,2,1,3,4,1,0,1,3,1,1,0,1,1,1,2,19,1,3,11,5,29,1,6,4
12/22/2016,5,1,1,2,2,1,0,2,4,0,1,1,1,1,1,2,24,1,3,19,2,32,1,7,5
12/22/2016,6,1,1,3,1,2,1,1,2,0,1,0,1,1,1,2,27,1,3,14,6,34,2,4,4
12/22/2016,7,2,1,4,1,1,1,1,2,0,1,0,1,1,1,2,24,1,3,6,1,31,1,1,2
12/22/2016,8,2,2,5,2,1,1,1,2,0,1,0,2,2,1,2,20,2,3,4,1,28,2,1,1
12/22/2016,9,3,4,6,4,3,2,4,4,2,3,2,4,3,5,3,18,6,6,7,8,27,4,5,5
12/22/2016,10,7,8,7,12,8,8,12,8,6,7,8,9,7,11,7,22,14,13,16,20,33,13,12,12
12/22/2016,11,18,17,15,21,12,17,21,13,16,20,18,21,17,24,19,31,28,23,28,30,39,19,23,27
12/22/2016,12,26,25,28,35,21,27,36,25,34,38,30,33,22,28,39,49,46,37,43,38,43,32,39,44
12/22/2016,13,32,34,34,39,40,37,44,40,36,43,38,44,42,37,59,65,62,49,57,45,48,40,48,51
12/22/2016,14,42,43,41,42,53,45,50,44,43,60,57,66,53,39,77,77,74,65,60,51,56,53,56,58
12/22/2016,15,45,38,45,46,60,39,56,49,48,63,56,63,57,39,85,91,82,64,68,59,64,60,68,67
12/22/2016,16,41,41,39,42,57,50,56,40,40,63,61,58,57,37,92,99,88,63,76,60,72,62,70,68
12/22/2016,17,39,44,38,41,35,46,39,35,43,53,51,52,43,41,80,104,94,66,74,59,69,54,69,68
12/22/2016,18,31,31,38,37,27,31,42,34,29,34,25,54,20,35,61,83,83,78,67,37,57,22,59,36
12/22/2016,19,30,23,22,14,14,21,33,17,6,22,20,39,7,28,29,58,57,58,57,22,39,24,29,19
12/22/2016,20,22,14,19,6,3,7,21,10,10,11,5,5,2,15,27,48,43,32,34,21,38,16,13,10
12/22/2016,21,7,6,5,4,2,7,15,7,7,8,4,3,2,13,25,44,16,5,27,10,30,13,11,6
12/22/2016,22,3,5,6,2,1,3,4,3,4,4,2,2,2,2,17,38,3,4,23,6,17,5,3,3
12/22/2016,23,2,3,4,3,1,3,10,4,1,2,1,2,1,3,6,35,5,4,20,6,23,2,6,4
12/22/2016,24,3,1,2,2,2,1,9,4,1,1,1,2,2,3,4,36,15,4,22,2,23,2,10,6
12/23/2016,1,4,1,2,9,5,1,9,6,1,2,3,3,2,2,2,37,5,4,26,2,29,2,10,8
12/23/2016,2,2,1,2,14,7,1,4,7,1,1,5,2,3,1,4,32,7,4,20,7,26,2,9,6
12/23/2016,3,2,3,3,11,5,1,8,6,1,1,5,2,2,2,3,30,3,4,11,26,24,4,10,2
12/23/2016,4,2,2,2,10,2,1,6,6,4,1,2,2,1,1,2,23,4,4,13,7,25,3,10,4
12/23/2016,5,1,1,4,2,2,1,2,2,2,1,1,2,1,0,2,21,2,4,10,2,25,1,5,4
12/23/2016,6,1,1,3,1,1,1,1,1,1,1,1,1,1,0,2,22,2,3,4,1,26,1,2,2
12/23/2016,7,2,1,2,1,1,1,1,1,1,1,1,1,2,0,2,20,2,3,4,1,26,1,1,1
12/23/2016,8,2,1,4,1,2,1,1,1,1,1,1,1,2,1,2,18,2,4,7,1,29,2,2,2
12/23/2016,9,3,3,5,4,4,1,2,3,2,5,3,3,3,4,3,22,5,5,13,5,28,4,11,11
12/23/2016,10,6,5,9,9,7,5,7,7,5,9,6,8,8,8,10,22,14,10,18,9,34,8,19,17
12/23/2016,11,15,13,16,19,13,11,16,15,10,17,16,19,15,18,20,31,27,26,26,21,43,15,29,31
12/23/2016,12,28,23,25,21,21,25,31,24,21,36,29,31,28,32,37,48,43,43,40,35,50,29,43,43
12/23/2016,13,49,44,50,30,42,48,44,39,38,51,44,53,40,55,51,65,63,60,55,49,60,49,61,62
12/23/2016,14,63,62,67,46,57,63,61,57,62,71,68,76,68,64,59,71,72,67,72,63,60,63,81,77
12/23/2016,15,74,72,71,65,81,77,68,74,81,82,84,88,85,71,57,61,59,59,91,75,48,81,96,94
12/23/2016,16,79,80,80,74,92,89,88,84,83,75,81,72,81,73,57,64,63,61,80,81,48,78,84,102
12/23/2016,17,77,83,77,80,88,93,93,87,85,70,69,60,63,74,57,68,67,64,66,83,49,80,77,103
12/23/2016,18,61,79,59,72,58,70,76,71,76,49,53,46,49,46,52,68,62,61,48,71,43,55,58,75
12/23/2016,19,34,35,30,28,27,46,15,27,36,32,22,23,25,31,26,55,48,43,50,27,33,21,33,29
12/23/2016,20,17,23,14,28,7,29,34,23,23,8,12,11,8,20,14,51,40,35,54,7,36,12,26,8
12/23/2016,21,9,6,10,20,1,15,19,12,7,4,1,3,2,10,17,47,16,27,50,28,29,22,21,4
12/23/2016,22,5,1,4,22,1,11,13,9,0,4,1,2,1,5,3,44,11,19,48,28,37,19,18,4
12/23/2016,23,2,1,4,14,1,1,3,5,1,1,0,2,1,3,2,36,15,18,40,23,42,16,17,7
12/23/2016,24,2,1,3,12,1,1,3,4,0,1,0,2,2,1,6,28,7,14,39,19,13,13,12,16
12/24/2016,1,4,1,2,9,5,1,9,6,1,2,3,3,2,2,2,37,5,4,26,2,29,2,10,8
12/24/2016,2,2,1,2,14,7,1,4,7,1,1,5,2,3,1,4,32,7,4,20,7,26,2,9,6
12/24/2016,3,2,3,3,11,5,1,8,6,1,1,5,2,2,2,3,30,3,4,11,26,24,4,10,2
12/24/2016,4,2,1,2,2,2,0,5,3,2,1,0,1,1,3,2,33,7,2,47,16,41,2,20,26
12/24/2016,5,2,0,4,4,2,1,3,4,0,1,0,1,1,3,2,38,4,2,47,14,41,2,5,29
12/24/2016,6,2,0,3,7,1,1,4,3,0,1,0,2,1,2,2,38,6,2,47,13,43,1,2,19
12/24/2016,7,2,1,3,4,1,1,2,3,1,1,0,2,1,0,2,40,3,2,40,7,42,2,1,12
12/24/2016,8,2,1,4,1,2,1,1,3,1,1,1,2,1,1,2,41,1,3,30,4,40,2,2,9
12/24/2016,9,4,3,5,7,4,2,3,6,2,6,4,8,3,9,4,41,7,7,24,24,42,5,10,22
12/24/2016,10,14,11,12,19,12,9,10,18,6,17,13,19,9,21,15,41,23,20,26,36,53,14,27,33
12/24/2016,11,29,22,29,36,29,19,31,33,22,36,31,39,18,38,37,56,41,35,44,46,57,32,41,59
12/24/2016,12,53,52,57,51,57,48,57,47,43,59,54,56,47,55,62,68,60,57,61,53,62,57,61,62
12/24/2016,13,71,65,70,56,67,67,64,53,64,70,69,68,65,69,81,81,74,69,70,63,72,70,68,73
12/24/2016,14,78,65,77,60,72,76,67,63,87,79,76,80,77,82,73,89,82,85,81,77,80,74,82,90
12/24/2016,15,84,66,73,71,89,93,84,81,96,101,94,100,87,86,67,71,73,104,93,88,67,86,98,103
12/24/2016,16,90,72,81,80,99,93,95,87,96,110,107,110,99,87,69,74,67,95,96,94,63,99,100,112
12/24/2016,17,84,77,92,83,97,97,96,90,88,100,102,91,92,84,71,80,71,71,84,86,63,99,93,107
12/24/2016,18,68,69,69,69,80,88,70,82,82,68,73,60,59,66,70,79,74,64,66,44,60,76,73,66
12/24/2016,19,48,40,49,35,42,48,23,41,47,45,49,45,49,57,51,65,70,53,64,35,50,28,50,37
12/24/2016,20,34,28,33,15,37,26,17,15,27,20,26,28,31,44,36,50,59,39,64,27,36,19,43,42
12/24/2016,21,6,13,8,37,21,11,11,6,7,23,22,20,10,35,26,45,30,25,37,35,31,21,31,38
12/24/2016,22,5,1,4,30,7,3,14,16,9,5,25,6,2,20,17,45,14,12,48,34,44,24,23,29
12/24/2016,23,2,1,4,18,5,2,6,12,6,5,6,3,1,6,27,42,17,7,51,32,44,15,23,33
12/24/2016,24,3,3,5,12,13,2,4,7,5,3,3,5,3,2,6,36,13,5,55,34,43,25,27,44
12/25/2016,1,10,1,4,5,4,2,3,3,4,7,6,4,2,2,4,35,13,6,42,36,42,8,23,46
12/25/2016,2,3,2,6,7,1,2,3,4,5,10,7,6,2,4,7,36,8,7,41,23,46,3,21,43
12/25/2016,3,3,3,7,3,1,3,2,4,1,13,12,4,2,8,9,40,8,15,46,22,45,9,5,35
12/25/2016,4,3,2,5,3,2,3,2,3,1,5,10,4,2,9,4,40,8,9,47,31,37,8,8,38
12/25/2016,5,3,3,6,3,2,2,2,4,1,2,3,3,2,6,5,40,13,2,45,32,37,4,12,37
12/25/2016,6,3,3,8,4,2,2,4,6,2,2,2,4,1,7,4,36,9,4,44,28,36,3,11,36
12/25/2016,7,5,4,7,4,2,2,3,4,2,4,2,3,1,6,2,37,7,5,42,18,36,3,5,29
12/25/2016,8,3,2,7,4,2,2,3,4,2,5,4,4,2,7,2,36,10,2,41,20,34,3,3,26
12/25/2016,9,7,4,11,14,7,5,12,12,6,13,13,11,5,12,6,37,15,11,34,27,31,8,14,26
12/25/2016,10,25,23,32,33,18,21,26,34,27,36,34,29,16,28,22,41,32,35,38,40,37,24,36,45
12/25/2016,11,52,53,57,50,54,54,49,35,57,61,51,58,39,53,36,48,45,58,53,48,42,54,60,61
12/25/2016,12,64,71,69,64,76,76,74,66,73,75,66,76,62,60,52,56,52,67,68,60,48,69,75,76
12/25/2016,13,74,72,84,73,84,93,78,77,75,76,81,77,71,71,57,62,63,77,78,66,65,79,85,84
12/25/2016,14,85,67,88,66,88,90,76,72,71,77,83,79,81,84,57,62,70,75,79,67,81,81,79,88
12/25/2016,15,86,66,83,67,92,80,81,80,74,88,95,85,89,84,53,66,77,81,84,70,86,79,87,91
12/25/2016,16,82,70,82,74,99,75,86,92,77,100,98,97,88,75,53,71,95,87,88,70,85,87,93,90
12/25/2016,17,83,69,81,78,91,75,88,84,75,96,93,88,82,73,55,85,93,88,92,74,71,92,100,94
12/25/2016,18,78,69,71,67,76,63,70,70,71,81,83,72,72,61,55,62,59,75,84,70,64,73,91,97
12/25/2016,19,40,29,52,44,25,39,37,39,34,49,48,37,38,34,42,53,55,47,71,42,54,32,62,44
12/25/2016,20,23,25,30,36,24,21,31,13,32,27,37,35,26,32,28,57,50,38,69,29,38,21,56,38
12/25/2016,21,17,21,20,7,24,6,10,18,35,23,32,28,21,24,17,65,44,24,62,34,38,23,52,35
12/25/2016,22,2,7,8,2,17,2,10,9,24,21,21,11,2,19,23,61,12,24,37,34,39,18,40,39
12/25/2016,23,2,5,9,4,1,1,4,3,14,14,7,15,1,8,21,56,11,23,52,35,36,15,31,33
12/25/2016,24,3,1,4,18,1,1,15,3,0,9,20,5,2,12,22,45,31,11,50,32,37,24,39,37
12/26/2016,1,1,1,4,29,3,1,14,3,1,3,10,5,1,7,9,40,19,15,40,31,36,18,6,38
12/26/2016,2,4,3,3,20,2,1,14,4,3,8,9,17,4,2,25,43,16,22,41,27,34,8,23,43
12/26/2016,3,2,2,4,16,1,1,15,10,3,7,14,20,11,8,31,46,21,26,42,20,33,13,30,35
12/26/2016,4,2,1,2,19,1,1,20,8,7,11,8,15,7,4,7,39,28,17,39,25,31,9,27,31
12/26/2016,5,1,1,2,13,2,0,21,12,1,8,5,13,10,3,2,42,15,15,42,21,32,3,19,31
12/26/2016,6,1,1,3,6,2,1,16,6,1,5,2,3,2,3,2,38,21,8,35,10,29,2,15,23
12/26/2016,7,2,1,4,1,1,1,2,3,0,1,1,1,2,1,2,31,7,2,31,2,26,1,9,10
12/26/2016,8,2,1,4,1,1,1,1,3,1,1,1,2,2,2,2,30,4,3,30,2,25,2,2,4
12/26/2016,9,5,5,6,4,3,1,3,6,2,4,4,9,4,9,3,34,13,4,24,17,29,4,5,15
12/26/2016,10,8,7,13,15,8,9,7,15,7,16,11,16,11,20,11,40,24,10,25,31,38,12,17,40
12/26/2016,11,27,26,25,33,22,25,25,16,19,32,30,29,29,40,37,47,37,29,32,30,54,26,33,40
12/26/2016,12,41,49,43,40,39,52,42,22,42,44,48,45,45,46,46,51,49,41,50,39,54,40,48,47
12/26/2016,13,59,60,57,54,49,64,50,42,58,54,53,60,48,55,53,62,57,53,52,48,54,51,55,53
12/26/2016,14,68,63,64,60,60,67,56,61,68,66,66,69,59,62,61,58,54,63,57,52,57,61,61,59
12/26/2016,15,72,65,71,62,71,72,65,69,74,71,70,71,63,59,62,61,67,69,64,59,59,69,71,66
12/26/2016,16,70,63,72,63,66,70,67,64,70,74,72,68,65,57,50,61,61,72,67,63,64,68,77,70
12/26/2016,17,60,60,64,65,60,66,66,67,64,71,68,64,65,59,45,63,62,69,66,62,63,67,78,70
12/26/2016,18,59,55,56,55,57,65,55,51,53,62,57,55,56,49,38,54,63,69,55,53,60,58,71,42
12/26/2016,19,25,39,37,40,20,51,46,31,39,24,27,23,24,42,26,49,50,40,57,10,42,29,40,33
12/26/2016,20,23,26,23,28,24,35,32,33,31,13,25,17,18,36,12,53,40,23,59,27,38,26,23,20
12/26/2016,21,21,33,26,22,21,31,26,30,38,24,22,19,19,34,5,45,21,22,32,20,37,22,28,20
12/26/2016,22,29,39,16,25,23,23,31,23,38,21,20,19,19,31,8,35,17,16,26,19,33,20,7,21
12/26/2016,23,25,35,21,17,12,38,37,21,29,23,21,14,11,30,7,26,20,9,28,24,32,27,16,33
12/26/2016,24,26,17,27,21,14,34,38,24,6,27,23,18,11,30,3,28,23,8,36,30,39,31,21,27
12/27/2016,1,34,21,7,26,25,9,41,24,21,32,28,28,19,24,7,33,29,11,40,30,34,29,22,26
12/27/2016,2,18,7,3,32,13,1,38,4,25,31,31,19,16,25,9,38,28,10,43,36,34,33,16,32
12/27/2016,3,3,2,2,32,2,1,30,11,10,13,18,6,6,3,3,40,11,3,43,15,34,18,23,34
12/27/2016,4,2,0,2,30,8,1,27,5,5,3,4,1,2,8,2,41,19,3,44,14,31,5,26,37
12/27/2016,5,1,1,3,27,5,0,21,15,11,2,2,1,1,3,2,39,18,3,43,13,28,6,23,29
12/27/2016,6,1,2,3,24,2,0,12,5,2,1,0,1,1,2,2,38,14,3,33,3,27,1,16,19
12/27/2016,7,1,3,3,14,1,1,1,3,1,1,0,1,1,1,2,28,6,3,28,2,26,1,10,6
12/27/2016,8,2,6,3,2,1,1,1,3,1,2,1,1,2,2,2,25,3,3,24,3,25,2,6,2
12/27/2016,9,4,8,5,5,5,3,3,6,5,6,4,5,5,9,3,31,8,9,21,8,22,5,9,16
12/27/2016,10,9,11,12,17,11,13,10,17,11,15,12,11,9,19,11,41,19,16,25,21,27,14,19,26
12/27/2016,11,21,22,20,20,20,30,24,17,19,24,21,22,18,31,31,47,34,27,33,26,37,24,32,35
12/27/2016,12,43,35,38,29,24,46,26,27,30,36,31,37,32,43,43,58,50,41,45,35,41,31,46,43
12/27/2016,13,44,46,42,39,44,56,49,49,44,52,53,58,55,49,62,72,60,57,57,45,51,39,56,56
12/27/2016,14,45,47,42,47,63,47,52,55,51,68,63,60,50,49,68,75,67,62,68,46,62,52,63,56
12/27/2016,15,46,43,46,47,71,45,61,62,55,71,69,65,52,53,70,73,71,58,78,53,74,64,81,67
12/27/2016,16,55,49,52,49,68,53,65,63,61,73,68,71,60,54,71,82,78,66,70,59,77,64,78,80
12/27/2016,17,59,49,54,50,66,57,61,67,63,67,63,64,56,43,71,77,81,66,71,60,68,62,80,77
12/27/2016,18,47,44,45,30,57,44,35,54,44,57,51,52,56,31,59,67,80,61,61,51,54,54,72,67
12/27/2016,19,24,22,27,23,19,21,29,17,17,22,25,22,14,21,51,70,67,45,66,22,50,29,38,34
12/27/2016,20,10,18,18,13,11,19,17,16,18,14,11,11,10,20,16,64,54,16,44,23,37,17,23,27
12/27/2016,21,6,16,20,15,11,18,16,13,14,11,10,11,9,18,7,32,11,9,16,14,26,12,14,18
12/27/2016,22,14,13,22,11,10,10,18,11,12,10,7,7,7,9,2,12,4,6,18,15,20,14,18,18
12/27/2016,23,12,8,19,7,8,12,16,9,9,11,8,7,9,14,3,15,6,7,18,15,24,13,16,20
12/27/2016,24,12,7,18,6,5,10,16,10,7,9,5,4,9,17,10,15,6,11,19,18,24,12,18,23
12/28/2016,1,11,8,18,11,7,11,15,14,5,6,5,8,9,16,11,11,4,13,16,18,24,11,16,20
12/28/2016,2,11,9,15,12,4,10,18,15,6,9,7,8,10,16,3,10,8,10,17,18,26,12,17,22
12/28/2016,3,11,7,19,12,4,7,18,12,6,10,5,10,9,17,2,11,7,11,17,19,24,13,17,22
12/28/2016,4,11,7,17,15,7,5,18,10,8,10,10,12,9,10,2,9,10,13,17,16,24,10,16,20
12/28/2016,5,10,3,15,14,7,6,17,10,7,8,9,13,10,13,2,10,6,11,16,13,23,7,14,18
12/28/2016,6,4,1,4,11,3,3,14,6,5,7,7,7,5,4,2,10,1,5,13,13,22,4,9,16
12/28/2016,7,1,1,5,5,1,0,5,3,1,4,2,0,1,2,1,8,2,3,8,13,22,2,2,8
12/28/2016,8,1,2,2,2,3,1,3,4,10,2,2,0,1,3,2,10,3,3,4,11,15,2,1,6
12/28/2016,9,5,9,7,8,10,6,9,11,13,3,3,5,5,9,5,10,7,9,5,12,22,4,5,12
12/28/2016,10,12,20,14,17,13,20,18,14,20,13,14,11,11,18,16,22,16,16,12,16,23,12,6,14
12/28/2016,11,21,27,24,23,19,31,21,25,29,20,22,21,19,28,28,29,24,24,22,20,29,22,18,22
12/28/2016,12,35,33,35,31,28,36,32,26,37,29,32,33,28,35,39,40,34,34,30,27,33,29,30,33
12/28/2016,13,41,40,43,42,41,43,44,37,51,45,40,44,34,43,52,51,50,44,43,40,36,43,42,46
12/28/2016,14,52,48,49,54,54,53,51,57,60,56,52,55,51,49,66,64,67,58,55,50,40,49,59,64
12/28/2016,15,58,52,56,59,73,57,63,65,66,71,72,74,75,53,72,67,71,72,65,53,53,57,73,72
12/28/2016,16,56,52,53,60,61,58,67,72,77,78,82,79,70,50,71,63,68,72,69,55,58,68,77,69
12/28/2016,17,54,48,56,65,59,59,57,64,72,78,73,69,60,48,57,66,61,68,71,56,72,74,76,73
12/28/2016,18,44,46,45,57,50,47,38,52,53,70,56,60,52,29,64,70,69,71,63,57,60,62,74,60
12/28/2016,19,33,28,36,33,23,27,14,16,20,39,33,35,24,14,46,65,55,49,62,15,42,16,44,28
12/28/2016,20,35,11,34,27,13,13,13,9,11,14,24,26,16,31,25,54,57,36,64,5,43,15,38,27
12/28/2016,21,19,6,24,17,6,5,27,4,4,3,19,18,6,11,19,51,29,24,37,23,43,16,15,24
12/28/2016,22,6,6,14,8,2,3,16,5,1,8,3,4,1,7,10,44,12,7,35,20,41,13,13,5
12/28/2016,23,5,4,15,3,3,9,10,6,1,6,8,2,1,8,9,41,12,3,26,18,34,8,7,5
12/28/2016,24,9,2,18,5,2,3,12,7,1,5,4,1,1,8,11,23,3,3,13,3,29,5,11,3
12/29/2016,1,7,1,10,11,8,7,17,13,1,10,7,2,1,3,2,12,4,1,9,1,26,11,4,7
12/29/2016,2,3,3,3,10,3,11,9,13,4,5,2,0,1,0,2,11,2,2,10,3,27,7,9,12
12/29/2016,3,10,12,2,9,2,13,5,4,8,4,0,0,1,1,2,7,1,3,13,6,25,5,4,10
12/29/2016,4,13,9,2,10,4,10,7,6,8,1,1,0,1,1,2,6,1,2,3,3,22,5,2,7
12/29/2016,5,3,3,2,11,6,1,14,13,8,2,1,1,1,1,2,7,1,2,1,2,24,7,4,4
12/29/2016,6,1,2,2,8,9,1,8,11,5,4,2,2,3,0,2,4,0,2,2,2,17,7,5,3
12/29/2016,7,1,1,2,5,2,0,1,3,6,4,2,1,3,0,1,3,0,2,2,1,15,10,1,2
12/29/2016,8,1,1,2,2,1,1,1,3,4,4,1,1,1,1,2,6,1,3,5,2,15,6,2,1
12/29/2016,9,2,3,4,6,4,2,7,6,4,6,5,3,4,2,5,12,3,5,10,5,26,10,8,8
12/29/2016,10,6,8,8,14,11,8,13,11,8,13,11,11,10,7,10,20,12,11,17,17,16,15,17,18
12/29/2016,11,16,19,18,20,15,20,24,16,17,19,20,19,15,21,19,29,21,21,28,26,25,24,29,35
12/29/2016,12,28,29,30,32,28,31,34,28,30,35,30,32,25,28,33,42,34,29,36,33,34,33,36,38
12/29/2016,13,35,34,32,34,37,43,38,37,36,40,40,41,38,32,46,50,46,46,38,36,39,36,40,41
12/29/2016,14,37,42,39,36,42,48,45,42,44,49,45,46,42,34,59,60,61,52,47,42,47,41,51,47
12/29/2016,15,32,34,32,45,45,41,48,49,50,50,51,50,40,31,60,72,61,50,58,47,53,47,56,56
12/29/2016,16,31,30,30,38,37,36,52,44,37,46,41,40,30,31,62,71,60,39,58,51,53,42,57,62
12/29/2016,17,26,29,26,27,31,33,28,28,29,35,32,29,26,30,57,67,41,31,46,38,41,33,41,46
12/29/2016,18,21,26,22,24,21,29,23,24,26,26,25,22,23,26,68,32,25,26,28,23,26,21,26,25
12/29/2016,19,18,23,16,19,14,25,14,16,20,19,18,18,18,24,34,24,21,21,21,21,20,18,20,19
12/29/2016,20,16,16,15,15,13,22,15,13,15,20,19,17,14,23,20,22,15,19,12,16,15,11,11,16
12/29/2016,21,16,13,17,17,10,17,17,10,14,12,11,15,13,21,15,19,15,10,14,16,15,14,16,17
12/29/2016,22,13,12,20,17,11,20,18,12,16,10,9,6,7,20,11,15,10,12,16,17,15,14,17,20
12/29/2016,23,17,17,19,20,16,25,21,15,17,10,16,12,12,22,10,16,8,14,17,19,16,15,18,21
12/29/2016,24,9,2,18,5,2,3,12,7,1,5,4,1,1,8,11,23,3,3,13,3,29,5,11,3
12/30/2016,1,7,1,10,11,8,7,17,13,1,10,7,2,1,3,2,12,4,1,9,1,26,11,4,7
12/30/2016,2,3,3,3,10,3,11,9,13,4,5,2,0,1,0,2,11,2,2,10,3,27,7,9,12
12/30/2016,3,10,12,2,9,2,13,5,4,8,4,0,0,1,1,2,7,1,3,13,6,25,5,4,10
12/30/2016,4,18,22,22,24,15,21,19,17,22,17,19,21,21,22,15,25,21,15,19,24,24,15,18,22
12/30/2016,5,19,22,18,24,16,20,21,21,20,21,23,21,20,19,2,24,19,17,20,20,23,15,19,23
12/30/2016,6,13,18,17,19,11,15,11,17,18,19,20,18,15,15,3,23,16,11,19,18,22,12,19,19
12/30/2016,7,13,16,18,13,10,6,15,11,15,13,12,12,10,19,5,20,11,10,17,14,15,8,12,17
12/30/2016,8,9,14,16,14,10,7,11,10,14,11,10,10,8,15,8,16,6,8,13,16,17,8,12,15
12/30/2016,9,10,11,17,13,11,16,15,7,14,12,13,11,8,16,11,13,8,9,14,15,18,11,14,20
12/30/2016,10,13,18,17,18,15,18,16,12,8,15,15,17,15,18,16,17,14,15,18,18,22,13,17,22
12/30/2016,11,19,20,21,20,15,16,21,17,18,18,17,23,19,19,21,19,17,21,15,18,21,14,15,20
12/30/2016,12,22,21,23,22,20,24,22,21,23,19,19,20,17,21,25,23,22,27,19,20,22,18,19,21
12/30/2016,13,24,22,24,21,22,25,25,24,25,22,21,22,25,24,30,33,30,29,23,26,26,23,26,28
12/30/2016,14,26,23,25,20,22,27,24,22,25,28,25,28,28,26,35,41,34,29,30,27,32,26,28,30
12/30/2016,15,28,23,28,24,23,28,31,22,26,34,29,34,22,28,40,46,36,31,35,31,33,29,36,37
12/30/2016,16,28,26,28,30,28,33,34,24,31,41,35,39,24,32,34,52,44,33,43,33,39,34,44,42
12/30/2016,17,31,30,29,31,34,34,33,24,34,43,34,36,30,32,37,56,48,36,45,38,38,34,47,45
12/30/2016,18,27,29,19,25,29,26,24,27,25,27,29,31,27,29,36,56,40,38,42,32,37,25,42,37
12/30/2016,19,10,13,9,11,13,20,11,13,7,14,20,10,6,15,47,42,35,18,34,13,21,13,21,12
12/30/2016,20,7,6,9,4,4,14,4,4,5,4,2,2,2,11,30,48,56,16,44,4,48,2,20,10
12/30/2016,21,5,2,3,3,1,5,3,3,3,1,1,2,2,3,20,47,22,24,49,2,30,3,12,4
12/30/2016,22,5,2,2,2,1,1,7,3,2,2,1,1,1,4,12,43,12,4,27,22,33,4,1,6
12/30/2016,23,5,1,3,1,1,0,3,3,1,1,0,1,1,1,15,40,18,3,18,19,35,2,2,6
12/30/2016,24,2,1,3,4,1,1,2,3,1,1,0,1,1,1,14,34,10,3,6,3,33,1,3,3
12/31/2016,1,2,1,3,5,1,1,1,3,1,1,0,0,1,1,4,32,3,3,23,5,43,1,16,12
12/31/2016,2,2,0,2,1,1,1,1,3,2,1,0,1,1,0,4,31,3,3,14,13,40,1,16,7
12/31/2016,3,1,1,3,1,1,0,1,3,1,0,0,1,1,1,2,31,9,2,22,15,28,1,7,21
12/31/2016,4,1,1,2,1,1,0,1,3,1,0,0,1,1,0,2,34,9,3,9,35,28,1,6,21
12/31/2016,5,1,2,3,1,1,1,1,3,1,1,0,1,1,0,2,39,6,2,23,33,28,1,15,20
12/31/2016,6,1,1,2,1,1,1,1,3,1,0,0,1,1,0,2,34,13,3,36,27,25,1,15,22
12/31/2016,7,1,1,2,1,1,1,1,3,1,1,0,1,1,1,2,31,9,3,33,28,25,1,2,13
12/31/2016,8,1,1,3,1,1,1,1,3,1,1,2,2,2,1,2,33,3,3,27,18,25,2,2,12
12/31/2016,9,4,3,5,4,3,1,3,5,2,6,7,8,7,6,4,33,7,9,22,29,31,6,13,20
12/31/2016,10,13,8,17,13,12,9,13,12,6,18,17,16,17,16,13,40,20,22,27,35,45,17,22,34
12/31/2016,11,30,22,35,23,27,25,30,31,24,35,32,34,33,33,34,48,40,42,39,37,47,30,36,40
12/31/2016,12,51,38,52,36,47,51,50,46,45,48,49,50,48,48,49,50,51,54,49,40,50,46,54,50
12/31/2016,13,56,51,57,48,56,61,61,55,51,54,55,57,52,48,54,52,51,57,60,44,54,55,62,57
12/31/2016,14,68,60,67,61,69,66,69,65,65,66,67,67,62,58,59,55,59,65,69,50,65,61,69,63
12/31/2016,15,82,71,80,70,77,64,77,77,73,70,75,74,68,75,57,57,61,74,72,54,73,66,69,66
12/31/2016,16,87,66,76,61,77,56,70,79,62,72,77,76,68,90,55,60,65,73,73,51,61,70,71,67
12/31/2016,17,72,53,69,39,65,56,66,54,48,58,63,68,58,76,54,62,60,66,56,37,47,51,53,44
12/31/2016,18,43,43,49,34,39,45,36,35,39,38,33,37,30,50,52,61,60,38,42,31,46,28,43,36
12/31/2016,19,30,38,40,22,30,24,9,30,27,35,29,30,23,40,43,56,55,35,42,20,46,21,38,31
12/31/2016,20,30,20,30,24,24,17,7,25,11,21,25,20,22,38,31,51,43,34,40,24,41,26,28,19
12/31/2016,21,21,16,23,25,21,13,6,25,17,19,25,20,13,36,29,47,32,28,28,28,22,30,23,35
12/31/2016,22,21,11,15,10,22,3,4,12,15,24,24,19,11,34,20,40,16,16,14,29,22,33,8,32
12/31/2016,23,13,4,5,4,18,2,1,7,2,15,21,17,16,18,28,38,6,15,23,25,22,23,12,29
12/31/2016,24,7,2,4,2,15,2,2,3,1,6,8,7,3,11,9,39,6,8,29,26,24,15,17,27
