FECHA,HORA,ATI,CAM,FAC,TLA,TLI,ACO,CUT,SAG,VIF,XAL,BJU,IZT,HGM,MER,AJM,CUA,INN,MGH,SFE,PED,CHO,MPA,TAH,UIZ
12/1/2016,1,31,50,31,67,53,49,62,79,57,113,41,37,47,68,10,44,10,34,25,25,25,6,44,25
12/1/2016,2,44,34,23,52,46,49,63,78,52,100,44,36,44,72,7,17,9,33,17,17,22,6,35,21
12/1/2016,3,54,34,17,53,42,48,49,50,60,113,43,40,42,77,5,27,6,28,17,17,30,14,26,23
12/1/2016,4,30,36,4,51,49,45,46,73,68,108,40,36,38,73,8,14,7,22,13,13,50,13,26,30
12/1/2016,5,52,49,27,43,147,45,50,58,70,105,36,33,40,49,9,17,4,28,15,15,32,11,24,22
12/1/2016,6,45,43,11,51,62,45,53,91,73,124,42,23,34,59,5,19,3,39,17,17,39,14,24,26
12/1/2016,7,67,61,45,93,86,43,54,119,107,166,42,31,38,75,12,11,3,56,21,21,29,10,32,24
12/1/2016,8,87,97,107,91,139,51,131,107,135,196,52,43,62,114,16,46,2,45,27,27,55,12,49,39
12/1/2016,9,75,76,79,83,139,46,194,102,110,91,49,30,57,89,30,49,5,43,32,32,105,9,54,56
12/1/2016,10,82,78,74,100,166,46,93,61,115,88,41,38,63,85,30,47,6,30,28,28,60,14,55,43
12/1/2016,11,48,40,74,81,126,42,105,67,133,53,26,25,39,45,26,18,9,38,23,23,16,16,15,16
12/1/2016,12,22,22,22,32,10,44,58,55,66,43,18,6,25,16,29,11,10,22,18,18,13,15,10,13
12/1/2016,13,9,26,17,16,2,28,65,43,35,43,25,8,32,36,25,15,9,20,17,17,16,15,16,16
12/1/2016,14,2,25,20,38,11,28,36,40,34,44,25,3,43,27,27,20,13,22,21,21,38,16,49,34
12/1/2016,15,19,24,26,22,31,31,65,25,27,41,25,14,40,20,27,25,12,24,22,22,51,28,32,37
12/1/2016,16,30,26,16,26,36,45,59,18,47,48,26,33,42,50,25,26,16,14,20,20,110,33,29,57
12/1/2016,17,22,30,26,34,57,49,29,62,59,73,40,34,39,42,32,37,17,21,27,27,48,17,34,33
12/1/2016,18,45,58,93,66,89,65,47,72,100,91,40,49,40,78,28,51,17,36,33,33,89,31,38,53
12/1/2016,19,92,63,87,71,88,79,122,82,100,84,47,48,47,50,31,29,20,30,28,28,28,24,34,29
12/1/2016,20,63,44,69,70,66,67,153,52,101,83,46,37,42,42,28,26,19,24,24,24,25,19,43,29
12/1/2016,21,48,60,43,61,144,83,93,77,91,87,50,31,39,66,33,33,16,23,26,26,46,21,61,43
12/1/2016,22,51,63,40,62,120,76,73,54,88,85,50,38,57,52,35,26,14,32,27,27,38,20,64,41
12/1/2016,23,38,80,50,90,95,100,47,58,95,99,61,40,61,72,33,27,14,30,26,26,59,18,50,42
12/1/2016,24,32,52,51,59,66,88,38,55,113,77,54,41,52,69,36,38,20,36,33,33,40,21,40,34
12/2/2016,1,23,45,48,59,48,87,43,61,118,76,47,36,51,56,33,50,20,42,36,36,36,23,44,34
12/2/2016,2,26,44,45,62,41,67,47,50,93,79,52,39,54,60,30,54,19,43,37,37,9,26,28,21
12/2/2016,3,29,37,34,44,40,47,65,53,73,75,43,38,50,64,38,38,25,42,36,36,39,26,30,32
12/2/2016,4,29,36,26,38,50,48,48,61,81,119,41,34,45,44,39,37,20,40,34,34,22,27,29,26
12/2/2016,5,27,39,24,49,54,39,42,52,69,109,36,30,40,57,40,38,17,43,35,35,60,22,30,37
12/2/2016,6,48,44,28,55,45,42,58,78,58,119,49,42,51,56,45,39,18,49,38,38,68,15,24,36
12/2/2016,7,96,75,48,72,83,49,60,76,93,179,53,34,56,77,45,35,13,71,41,41,119,11,28,53
12/2/2016,8,89,98,108,84,112,53,118,103,195,212,65,49,66,74,48,41,10,63,41,41,124,13,55,64
12/2/2016,9,99,88,13,92,148,50,130,86,195,197,47,36,59,73,49,60,16,58,46,46,94,10,60,55
12/2/2016,10,94,101,84,89,138,50,104,77,166,92,44,32,43,59,62,50,10,54,44,44,64,37,56,52
12/2/2016,11,72,105,96,107,143,42,135,34,164,98,45,38,48,73,37,48,13,51,37,37,12,33,36,27
12/2/2016,12,49,46,9,69,55,40,81,35,77,56,43,27,36,44,33,53,19,27,33,33,36,16,15,22
12/2/2016,13,24,31,31,49,20,35,56,33,38,63,33,19,27,59,32,55,11,29,32,32,30,29,16,25
12/2/2016,14,44,35,31,44,22,34,39,29,40,54,24,12,22,46,25,36,13,27,25,25,50,23,10,28
12/2/2016,15,37,33,11,46,39,38,50,37,41,76,24,19,15,49,21,23,14,26,21,21,97,21,17,45
12/2/2016,16,42,42,42,30,53,47,51,69,61,106,25,28,30,28,20,16,12,31,20,20,92,27,43,54
12/2/2016,17,61,61,63,46,73,71,64,85,116,96,26,29,35,74,20,23,16,21,20,20,77,20,29,42
12/2/2016,18,80,80,90,67,83,79,100,74,96,87,29,35,31,67,23,26,18,25,23,23,71,17,26,38
12/2/2016,19,76,73,56,77,84,72,97,59,85,61,37,44,40,63,25,27,16,31,25,25,34,22,49,35
12/2/2016,20,65,65,50,75,68,59,86,30,68,51,42,42,41,65,28,28,20,35,28,28,26,16,48,30
12/2/2016,21,52,68,64,87,67,68,138,58,77,70,44,39,48,46,27,31,13,37,27,27,4,13,71,29
12/2/2016,22,62,84,85,63,126,58,95,24,85,78,45,35,43,59,27,25,14,43,27,27,22,17,66,35
12/2/2016,23,42,74,68,76,110,65,97,32,97,89,41,34,45,64,28,26,13,45,28,28,23,16,59,33
12/2/2016,24,59,76,75,72,99,76,125,78,148,58,54,39,51,64,19,12,13,32,19,19,37,13,50,33
12/3/2016,1,66,74,61,67,77,70,87,52,127,86,55,46,50,63,19,25,8,25,19,19,45,11,34,30
12/3/2016,2,46,66,45,80,106,95,72,50,77,83,51,42,51,64,19,17,8,32,19,19,17,14,34,22
12/3/2016,3,68,66,43,85,69,84,59,57,81,67,41,33,42,49,21,18,6,38,21,21,19,15,19,18
12/3/2016,4,71,51,20,62,88,61,42,73,90,64,31,32,33,42,20,25,5,31,20,20,14,15,27,19
12/3/2016,5,26,37,20,52,88,76,57,79,66,63,37,29,34,47,15,9,8,29,15,15,31,10,24,22
12/3/2016,6,12,55,21,59,72,96,48,97,89,116,38,38,33,55,17,13,7,31,17,17,81,14,19,38
12/3/2016,7,46,54,34,74,85,48,56,90,91,150,45,41,37,64,16,13,7,29,16,16,99,8,14,40
12/3/2016,8,90,74,96,81,119,52,131,89,135,141,48,32,42,72,24,37,5,29,24,24,152,11,36,66
12/3/2016,9,82,65,65,82,99,47,125,90,143,131,41,25,45,56,26,37,7,35,26,26,118,10,57,62
12/3/2016,10,62,61,40,68,50,44,81,74,153,84,41,19,39,33,26,29,5,44,26,26,70,21,48,46
12/3/2016,11,45,41,33,57,48,47,100,56,137,49,26,23,38,56,24,37,5,31,24,24,60,14,39,38
12/3/2016,12,22,54,19,47,36,44,73,13,26,62,28,24,41,45,31,31,31,30,31,31,15,13,16,15
12/3/2016,13,21,42,13,44,25,30,59,31,32,53,21,11,36,38,16,7,16,25,16,16,17,13,20,17
12/3/2016,14,4,28,14,36,13,53,39,27,26,41,23,12,36,31,16,13,16,19,16,16,13,14,12,13
12/3/2016,15,24,23,18,24,24,38,18,72,35,41,27,25,39,53,22,23,22,21,22,22,43,21,64,43
12/3/2016,16,52,26,46,28,26,61,28,92,16,59,54,47,42,66,16,17,15,16,16,16,27,19,35,27
12/3/2016,17,49,32,55,37,47,70,42,76,106,78,34,47,42,41,16,18,13,16,16,16,42,17,33,31
12/3/2016,18,43,30,37,38,36,65,42,71,110,71,24,32,30,29,20,32,13,14,20,20,33,20,30,28
12/3/2016,19,48,32,39,33,58,68,47,61,69,62,28,33,30,40,23,34,11,23,23,23,29,17,36,27
12/3/2016,20,35,27,35,31,39,57,31,43,47,42,31,32,32,29,15,13,11,20,15,15,15,11,33,20
12/3/2016,21,45,19,30,34,47,47,49,51,57,67,30,39,30,35,17,17,9,24,17,17,22,6,42,23
12/3/2016,22,40,48,20,17,41,37,52,59,77,80,32,26,29,38,21,23,11,30,21,21,29,9,38,25
12/3/2016,23,66,52,19,34,47,35,89,44,61,58,27,20,32,46,15,12,8,26,15,15,42,9,29,27
12/3/2016,24,58,62,1,30,40,51,53,27,49,50,30,20,30,31,18,15,6,32,18,18,6,8,39,18
12/4/2016,1,29,60,4,32,41,69,44,31,54,67,37,17,37,48,19,19,5,33,19,19,9,6,37,17
12/4/2016,2,19,53,7,32,39,68,47,28,87,77,37,31,37,40,18,18,6,29,18,18,5,7,22,11
12/4/2016,3,8,69,4,18,7,61,29,37,71,61,27,30,35,35,14,8,9,24,14,14,17,5,18,13
12/4/2016,4,17,40,18,25,12,57,28,29,54,45,33,22,27,37,18,19,5,31,18,18,14,7,14,12
12/4/2016,5,20,28,22,28,21,71,37,27,40,40,21,17,20,24,20,22,5,32,20,20,1,5,6,4
12/4/2016,6,30,23,14,29,23,42,24,37,47,33,17,18,17,31,16,19,4,25,16,16,1,4,5,3
12/4/2016,7,29,42,13,33,22,40,50,22,67,49,23,14,24,20,13,14,3,23,13,13,28,6,8,14
12/4/2016,8,46,49,41,44,48,58,96,27,89,43,31,14,27,27,14,14,2,27,14,14,15,8,27,17
12/4/2016,9,51,47,35,42,78,40,93,25,95,63,27,16,34,46,16,19,2,26,16,16,56,8,30,31
12/4/2016,10,24,42,30,38,15,37,72,9,62,45,21,23,34,35,15,8,3,34,15,15,6,8,10,8
12/4/2016,11,15,39,7,28,13,33,23,17,24,24,21,15,21,23,18,28,4,23,18,18,3,5,6,5
12/4/2016,12,7,21,5,24,15,25,22,29,19,24,10,6,10,18,33,83,7,9,33,33,33,13,18,21
12/4/2016,13,11,12,18,33,14,36,8,52,29,31,14,14,8,8,22,52,7,7,22,22,57,12,28,32
12/4/2016,14,27,17,26,29,32,55,17,19,22,28,30,16,17,22,22,44,7,16,22,22,37,17,10,21
12/4/2016,15,25,11,28,26,33,76,38,45,19,45,14,11,16,40,19,30,10,17,19,19,32,13,16,20
12/4/2016,16,2,20,1,37,22,66,21,15,28,33,12,16,24,45,21,38,8,18,21,21,26,13,17,19
12/4/2016,17,20,49,18,23,22,52,36,42,22,38,25,14,24,53,18,30,12,13,18,18,46,17,16,26
12/4/2016,18,6,35,15,14,13,45,26,30,26,32,27,21,24,47,21,42,8,14,21,21,45,11,21,26
12/4/2016,19,32,24,17,34,32,42,38,42,26,37,22,28,15,21,10,14,5,12,10,10,25,13,37,25
12/4/2016,20,15,21,1,29,33,41,27,25,33,36,19,17,21,38,12,15,4,18,12,12,16,7,25,16
12/4/2016,21,3,19,8,29,3,37,15,46,32,37,13,15,17,23,9,8,2,18,9,9,15,11,19,15
12/4/2016,22,21,14,11,8,28,18,17,14,27,22,12,14,12,17,7,9,3,10,7,7,12,5,1,6
12/4/2016,23,28,18,1,21,37,19,46,10,6,34,9,11,7,13,7,8,2,11,7,7,1,7,7,5
12/4/2016,24,18,25,1,6,1,13,58,11,13,17,8,10,11,17,7,7,3,10,7,7,3,10,11,8
12/5/2016,1,21,18,6,5,11,9,48,17,10,22,9,13,8,12,5,2,3,9,5,5,1,8,3,4
12/5/2016,2,18,20,7,4,9,13,27,14,16,30,5,9,8,8,7,4,2,15,7,7,1,3,1,2
12/5/2016,3,4,11,1,5,8,8,22,11,13,35,4,6,5,8,6,1,3,14,6,6,1,1,1,1
12/5/2016,4,4,9,2,9,17,3,20,3,12,32,3,8,7,14,6,8,2,8,6,6,1,4,2,2
12/5/2016,5,5,8,1,7,6,14,23,15,5,15,4,2,10,13,5,4,2,8,5,5,12,2,1,5
12/5/2016,6,12,17,7,21,7,12,25,11,13,19,6,9,9,14,2,1,2,2,2,2,1,2,4,2
12/5/2016,7,31,42,28,24,9,31,41,24,18,35,42,12,19,26,7,9,2,10,7,7,22,5,8,12
12/5/2016,8,28,43,49,46,29,32,67,40,34,42,45,21,31,38,20,33,3,24,20,20,32,5,41,26
12/5/2016,9,26,37,26,38,28,70,61,27,48,46,24,14,32,36,13,18,6,16,13,13,26,7,32,22
12/5/2016,10,37,19,15,31,26,59,38,14,27,31,16,12,27,30,16,21,8,20,16,16,25,16,6,16
12/5/2016,11,71,35,12,23,35,30,41,30,26,26,13,7,16,23,15,16,6,22,15,15,13,15,16,15
12/5/2016,12,61,21,23,28,86,35,76,26,107,53,18,6,17,35,15,20,8,16,15,15,73,19,23,38
12/5/2016,13,36,19,22,28,48,52,109,29,62,50,13,10,29,46,17,23,8,19,17,17,80,49,18,49
12/5/2016,14,25,26,39,29,32,60,79,17,53,40,13,12,18,37,15,21,10,15,15,15,94,58,21,58
12/5/2016,15,20,27,24,30,28,83,45,20,46,36,19,9,19,18,11,10,11,12,11,11,53,38,23,38
12/5/2016,16,30,27,26,21,25,130,66,39,34,59,18,17,24,30,17,19,20,11,17,17,47,10,18,25
12/5/2016,17,13,27,42,23,24,201,72,41,23,24,20,17,26,33,14,17,13,11,14,14,112,9,22,48
12/5/2016,18,27,21,1,20,25,84,49,28,34,49,20,18,31,23,12,16,8,12,12,12,39,13,18,23
12/5/2016,19,54,30,46,26,34,72,55,23,95,28,20,19,21,20,15,21,8,15,15,15,60,10,15,28
12/5/2016,20,57,26,27,36,37,75,35,31,60,45,18,21,24,21,15,22,6,16,15,15,31,6,10,16
12/5/2016,21,21,26,24,40,25,54,39,28,39,52,21,17,23,20,14,22,5,16,14,14,48,5,18,24
12/5/2016,22,11,25,26,40,7,48,37,34,30,60,24,28,30,27,19,31,3,24,19,19,4,6,18,9
12/5/2016,23,3,27,15,36,19,42,22,37,61,46,30,18,29,26,12,10,5,21,12,12,1,3,35,13
12/5/2016,24,40,32,1,27,42,48,45,58,58,66,31,22,28,27,13,16,3,19,13,13,4,4,26,11
12/6/2016,1,38,105,1,29,70,59,69,29,92,70,19,21,27,22,10,9,3,17,10,10,1,12,23,12
12/6/2016,2,24,103,1,31,85,68,64,25,65,48,21,16,22,20,10,7,3,19,10,10,1,2,1,1
12/6/2016,3,21,47,3,34,56,56,41,20,66,50,22,16,23,20,11,2,4,28,11,11,31,2,9,14
12/6/2016,4,27,37,6,29,38,35,32,52,48,34,22,17,21,20,16,5,16,27,16,16,31,2,17,17
12/6/2016,5,28,32,6,30,51,29,48,69,36,36,24,18,29,24,15,1,15,29,15,15,20,3,9,11
12/6/2016,6,38,49,22,36,44,28,71,83,43,61,25,20,31,25,24,14,24,33,24,24,1,3,1,2
12/6/2016,7,73,79,58,67,53,35,70,130,70,98,40,19,39,33,26,17,26,34,26,26,50,2,11,21
12/6/2016,8,90,109,102,99,88,53,130,157,126,177,76,32,55,54,37,36,37,38,37,37,75,5,40,40
12/6/2016,9,93,83,82,88,110,57,132,119,181,214,62,26,52,47,37,27,37,46,37,37,50,6,53,36
12/6/2016,10,52,57,52,83,84,45,80,107,133,142,52,15,58,42,39,33,39,44,39,39,22,9,34,22
12/6/2016,11,48,68,63,75,128,37,72,63,110,132,35,21,48,35,37,29,37,45,37,37,16,9,22,16
12/6/2016,12,62,58,11,54,113,41,44,32,126,98,36,27,38,34,34,47,34,20,34,34,15,10,20,15
12/6/2016,13,42,50,44,65,57,30,9,26,98,41,16,20,30,22,27,36,27,17,27,27,40,5,20,22
12/6/2016,14,82,43,24,53,37,53,25,32,57,28,12,11,31,18,20,22,20,17,20,20,40,14,21,25
12/6/2016,15,37,26,30,39,52,47,35,34,57,31,16,14,35,22,20,21,20,18,20,20,44,12,24,27
12/6/2016,16,50,19,13,36,54,51,40,40,54,35,18,9,23,17,15,17,15,13,15,15,76,17,27,40
12/6/2016,17,40,24,72,30,35,34,43,61,61,79,28,24,20,24,19,21,19,17,19,19,97,19,55,57
12/6/2016,18,65,33,39,36,64,58,27,89,96,104,31,48,40,40,25,31,25,18,25,25,68,14,30,37
12/6/2016,19,78,26,77,35,35,68,71,84,72,79,23,34,32,30,23,27,23,19,23,23,41,18,44,34
12/6/2016,20,55,30,65,73,42,67,91,49,190,58,31,36,37,35,22,26,22,18,22,22,41,15,44,33
12/6/2016,21,37,60,104,86,77,59,63,59,138,65,39,36,38,38,16,12,16,20,16,16,30,9,64,34
12/6/2016,22,74,67,58,81,73,69,73,80,140,81,44,39,33,39,19,18,19,20,19,19,41,13,59,38
12/6/2016,23,94,60,44,66,103,69,93,50,92,106,46,41,45,44,33,37,33,29,33,33,26,9,48,28
12/6/2016,24,98,60,38,46,93,79,73,101,120,119,50,34,46,43,38,38,38,38,38,38,16,7,33,19
12/7/2016,1,44,43,12,42,129,81,78,216,114,81,36,35,48,40,19,35,34,47,34,34,18,9,33,20
12/7/2016,2,46,38,23,50,97,77,73,87,101,90,32,31,35,33,20,38,31,36,31,31,17,8,22,16
12/7/2016,3,24,48,14,48,79,69,70,68,99,84,32,34,38,35,18,34,27,30,27,27,3,8,11,7
12/7/2016,4,34,50,20,42,75,71,58,106,102,96,29,26,29,28,19,23,23,28,23,23,37,6,22,22
12/7/2016,5,33,48,20,41,33,55,50,102,75,117,27,21,26,25,19,21,25,36,25,25,26,5,24,18
12/7/2016,6,57,57,42,45,69,47,67,98,76,173,29,35,29,31,21,19,27,42,27,27,49,5,29,28
12/7/2016,7,149,63,64,59,72,68,92,131,85,196,32,38,37,36,19,38,42,69,42,42,55,3,18,25
12/7/2016,8,257,102,93,74,121,69,114,135,176,220,52,43,57,51,21,66,52,68,52,52,82,5,50,46
12/7/2016,9,158,115,122,97,176,74,133,152,169,220,61,64,82,69,29,56,49,62,49,49,107,20,74,67
12/7/2016,10,94,127,158,128,175,50,123,113,133,105,58,52,85,65,37,121,72,57,72,72,79,28,73,60
12/7/2016,11,101,115,116,125,151,54,118,71,155,100,59,41,78,59,44,30,4,53,33,33,35,28,41,35
12/7/2016,12,104,73,70,99,147,43,61,42,143,72,53,33,46,44,39,72,15,41,42,42,24,27,20,24
12/7/2016,13,60,52,53,68,107,33,46,24,101,51,41,22,27,30,41,48,8,29,32,32,7,7,7,7
12/7/2016,14,100,41,38,63,74,35,58,17,72,30,27,11,31,23,21,35,9,23,22,22,24,15,33,24
12/7/2016,15,53,34,34,48,43,30,60,19,80,28,30,15,44,30,26,17,10,28,20,20,17,10,24,17
12/7/2016,16,40,37,3,46,62,47,56,50,54,41,40,36,50,42,33,28,13,29,26,26,59,15,25,33
12/7/2016,17,26,51,8,24,76,43,63,62,59,83,51,37,54,47,29,22,22,27,25,25,55,16,32,34
12/7/2016,18,99,56,109,56,73,54,23,61,101,82,44,40,62,49,29,44,19,43,34,34,45,19,26,30
12/7/2016,19,22,64,83,65,69,69,88,60,85,82,36,39,60,45,19,40,14,26,25,25,40,26,55,40
12/7/2016,20,43,49,57,53,60,69,79,43,76,62,40,43,44,42,21,21,13,22,19,19,46,18,83,49
12/7/2016,21,44,87,52,68,12,81,59,42,164,93,35,41,37,38,25,28,12,18,21,21,52,17,66,45
12/7/2016,22,25,92,60,69,53,70,79,101,161,130,45,28,32,35,29,18,11,24,21,21,54,18,69,47
12/7/2016,23,19,48,34,69,70,61,85,75,135,122,49,49,43,47,22,18,10,33,21,21,52,18,69,46
12/7/2016,24,56,44,62,48,100,79,80,85,100,111,52,40,48,47,27,38,16,38,30,30,45,20,48,38
12/8/2016,1,50,40,58,53,90,111,79,94,119,128,47,38,48,44,29,28,21,29,27,27,66,23,33,41
12/8/2016,2,39,38,53,45,90,91,60,92,105,95,50,39,53,47,28,35,22,38,31,31,64,31,33,43
12/8/2016,3,36,42,30,52,60,62,44,76,76,107,44,36,43,41,30,40,23,41,34,34,49,24,26,33
12/8/2016,4,25,37,31,60,50,59,33,81,54,99,38,45,39,41,27,41,15,36,30,30,56,24,33,38
12/8/2016,5,25,37,23,44,63,63,38,82,85,142,38,31,41,37,24,44,15,43,32,32,62,26,37,42
12/8/2016,6,44,55,24,50,79,67,63,98,83,155,41,45,49,45,29,44,13,44,33,33,68,31,34,44
12/8/2016,7,129,114,51,80,108,62,91,102,109,185,51,57,71,60,27,49,13,68,39,39,83,29,49,54
12/8/2016,8,190,126,115,92,110,71,149,106,182,231,66,57,91,71,29,57,12,77,44,44,184,32,90,102
12/8/2016,9,131,115,134,112,121,72,172,112,184,247,69,57,81,69,37,54,17,70,45,45,211,36,112,120
12/8/2016,10,103,129,67,124,90,72,109,117,170,169,69,46,84,66,52,30,15,71,42,42,110,37,77,75
12/8/2016,11,108,118,100,96,119,81,145,94,177,148,69,78,86,78,55,44,15,72,47,47,97,43,55,65
12/8/2016,12,93,84,59,86,142,71,103,88,118,99,72,72,72,72,43,50,39,62,49,49,71,45,50,55
12/8/2016,13,77,78,58,76,95,64,104,104,78,73,72,72,72,72,45,54,23,60,46,46,49,52,49,50
12/8/2016,14,55,72,50,49,50,49,66,67,53,55,68,67,66,67,52,66,29,67,54,54,42,46,44,44
12/8/2016,15,88,55,44,48,49,39,35,35,31,47,62,46,67,58,49,49,49,51,50,50,41,45,43,43
12/8/2016,16,86,55,41,54,58,45,30,28,30,50,49,26,66,47,39,65,51,46,50,50,49,39,48,45
12/8/2016,17,74,44,76,78,47,73,110,61,75,52,48,33,57,46,40,64,56,46,52,52,46,27,37,37
12/8/2016,18,146,150,204,132,252,123,149,239,237,260,91,48,96,78,55,74,44,64,59,59,56,28,49,44
12/8/2016,19,147,125,160,83,101,104,114,115,96,139,126,133,105,121,99,107,55,71,83,83,64,27,67,53
12/8/2016,20,73,88,64,79,65,48,62,72,69,84,73,63,73,70,81,102,74,51,77,77,67,89,112,89
12/8/2016,21,58,64,64,70,60,38,56,70,70,44,57,42,54,51,53,59,44,40,49,49,97,66,66,76
12/8/2016,22,38,57,44,43,47,26,64,50,53,33,54,44,47,48,47,47,32,35,40,40,60,49,54,54
12/8/2016,23,55,42,24,40,48,13,75,52,42,28,39,39,37,38,34,42,28,28,33,33,49,46,50,48
12/8/2016,24,55,41,34,38,45,9,139,51,43,22,32,27,36,32,30,39,25,25,30,30,66,42,41,50
12/9/2016,1,31,36,24,32,30,22,71,32,13,19,35,32,36,34,28,44,21,26,30,30,45,36,29,37
12/9/2016,2,18,32,15,26,23,5,12,22,6,8,29,32,28,30,27,33,18,21,25,25,61,29,29,40
12/9/2016,3,9,11,1,15,9,7,23,11,1,14,18,13,15,15,24,25,22,15,22,22,60,26,18,35
12/9/2016,4,10,12,2,17,6,5,1,28,1,15,16,12,11,13,20,24,22,11,19,19,18,29,3,17
12/9/2016,5,10,15,1,21,4,12,31,16,3,16,13,8,13,11,15,16,23,11,16,16,29,16,8,18
12/9/2016,6,20,20,8,23,14,12,38,9,17,10,12,10,16,13,12,9,20,8,12,12,33,19,14,22
12/9/2016,7,37,19,24,39,41,14,44,25,27,16,17,14,14,15,20,20,19,12,18,18,32,3,11,15
12/9/2016,8,45,45,27,52,54,16,43,27,41,29,22,15,23,20,16,21,14,23,19,19,44,32,19,32
12/9/2016,9,59,48,32,40,34,16,41,33,36,32,33,22,32,29,18,17,8,33,19,19,50,41,32,41
12/9/2016,10,52,57,32,47,36,16,33,47,29,26,36,27,44,36,31,25,18,37,28,28,59,41,27,42
12/9/2016,11,44,47,42,41,37,23,28,30,28,21,36,30,42,36,38,33,25,29,31,31,49,35,28,37
12/9/2016,12,40,57,52,52,58,10,30,37,36,32,35,27,42,35,24,32,18,35,27,27,73,40,48,54
12/9/2016,13,34,57,50,48,40,8,39,38,35,34,36,31,41,36,32,45,22,37,34,34,57,47,44,49
12/9/2016,14,41,55,47,53,41,22,41,47,49,34,33,25,41,33,38,45,30,47,40,40,56,64,42,54
12/9/2016,15,54,54,61,65,42,24,55,43,45,54,43,36,49,43,40,35,37,40,38,38,41,45,51,46
12/9/2016,16,55,62,63,51,53,25,59,54,46,61,51,42,59,51,52,50,43,43,47,47,50,53,39,47
12/9/2016,17,70,76,71,70,73,32,63,51,53,55,42,35,49,42,67,62,55,46,58,58,58,54,49,54
12/9/2016,18,58,105,66,68,71,43,72,58,100,66,61,38,66,55,65,63,48,46,56,56,46,49,51,49
12/9/2016,19,63,76,61,76,64,56,58,116,52,70,59,44,60,54,51,51,31,47,45,45,43,48,67,53
12/9/2016,20,49,46,56,47,38,40,33,72,24,83,40,38,30,36,49,49,47,43,47,47,50,37,45,44
12/9/2016,21,31,38,39,34,26,23,29,46,18,50,36,27,32,32,41,39,37,31,37,37,58,33,34,42
12/9/2016,22,27,33,23,29,31,17,25,26,23,29,29,19,33,27,30,31,26,17,26,26,42,24,32,33
12/9/2016,23,16,30,16,22,16,11,36,18,18,21,17,21,25,21,20,20,8,13,15,15,29,25,25,26
12/9/2016,24,14,26,12,18,11,5,48,18,26,13,17,17,18,17,16,17,11,14,15,15,27,19,15,20
12/10/2016,1,14,27,12,24,25,16,15,13,17,10,18,10,17,15,12,10,8,9,10,10,21,16,15,17
12/10/2016,2,8,29,8,19,13,10,16,11,4,8,13,16,16,15,11,15,6,10,11,11,17,14,10,14
12/10/2016,3,8,16,5,16,19,6,16,7,4,30,8,16,13,12,14,10,7,9,10,10,32,11,11,18
12/10/2016,4,8,20,6,5,20,9,15,13,9,31,11,9,22,14,9,6,10,8,8,8,25,14,10,16
12/10/2016,5,10,27,10,21,30,13,17,12,18,23,10,17,23,17,4,3,9,7,6,6,28,7,8,14
12/10/2016,6,12,26,15,10,20,24,25,15,30,53,9,17,20,15,6,5,9,8,7,7,41,14,11,22
12/10/2016,7,15,31,20,23,33,33,83,29,49,103,13,14,16,14,11,7,10,12,10,10,52,12,11,25
12/10/2016,8,31,50,24,25,47,43,64,72,72,127,17,20,19,19,17,10,11,18,14,14,72,16,44,44
12/10/2016,9,26,35,16,38,77,32,29,44,89,94,19,19,19,19,16,19,10,17,16,16,87,20,54,54
12/10/2016,10,29,37,20,37,64,49,24,48,57,57,25,19,22,22,14,20,10,16,15,15,61,18,21,33
12/10/2016,11,26,46,30,53,29,32,25,39,35,35,32,22,27,27,17,21,11,22,18,18,61,21,26,36
12/10/2016,12,24,43,31,57,26,15,28,38,31,34,47,33,40,40,20,20,16,31,22,22,46,24,25,32
12/10/2016,13,33,39,33,55,33,13,34,34,40,49,48,29,39,39,23,19,19,31,23,23,58,26,40,41
12/10/2016,14,42,42,38,50,34,15,31,50,38,46,41,28,35,35,32,27,26,35,30,30,53,39,41,44
12/10/2016,15,36,52,41,75,30,14,38,34,27,40,45,33,39,39,38,50,30,41,40,40,55,55,44,51
12/10/2016,16,43,42,39,33,18,23,12,36,25,34,40,31,36,36,47,34,36,27,36,36,48,48,41,46
12/10/2016,17,32,27,31,44,16,14,33,40,30,33,39,27,33,33,44,49,39,30,41,41,41,49,42,44
12/10/2016,18,45,37,36,38,35,30,32,41,36,47,26,25,26,26,46,48,41,25,40,40,27,42,42,37
12/10/2016,19,42,33,35,59,42,29,31,53,50,52,20,12,16,16,48,45,35,23,38,38,43,36,37,39
12/10/2016,20,35,41,35,44,44,24,30,39,35,44,34,32,34,33,37,42,29,25,33,33,50,51,62,54
12/10/2016,21,28,42,22,25,34,20,24,43,31,37,32,26,30,29,28,34,19,18,25,25,48,49,38,45
12/10/2016,22,21,32,17,50,33,16,16,32,37,34,19,26,26,24,28,34,21,13,24,24,53,30,28,37
12/10/2016,23,36,23,17,21,35,12,23,23,33,47,18,19,18,18,16,16,16,13,15,15,41,26,20,29
12/10/2016,24,47,24,18,23,32,12,26,17,22,28,17,16,16,16,21,29,16,13,20,20,35,18,18,24
12/11/2016,1,27,24,11,20,17,15,19,18,25,17,14,14,18,15,26,23,17,9,19,19,38,13,13,21
12/11/2016,2,23,27,11,19,25,17,27,10,35,28,14,20,17,17,13,18,12,10,13,13,35,13,9,19
12/11/2016,3,21,31,8,21,22,13,25,14,27,38,12,15,19,15,10,5,12,13,10,10,44,15,9,23
12/11/2016,4,15,26,10,34,30,21,33,26,26,48,13,25,19,19,18,12,14,12,14,14,46,11,9,22
12/11/2016,5,21,26,17,27,23,26,35,24,32,33,12,22,22,19,17,9,10,11,12,12,28,16,17,20
12/11/2016,6,30,33,15,28,21,25,28,38,43,37,14,21,23,19,17,13,11,13,14,14,24,17,18,20
12/11/2016,7,44,38,19,32,33,27,27,45,43,62,18,25,22,22,13,15,12,15,14,14,30,14,23,22
12/11/2016,8,47,40,23,53,50,20,37,55,38,76,33,27,32,31,15,17,11,21,16,16,57,15,24,32
12/11/2016,9,59,45,31,60,79,31,107,53,66,112,35,25,35,32,20,17,11,35,21,21,57,23,30,37
12/11/2016,10,43,46,34,44,55,44,32,73,88,74,41,24,40,35,24,17,21,30,23,23,46,22,35,34
12/11/2016,11,28,54,36,33,55,23,42,76,91,75,47,34,45,42,29,27,21,35,28,28,45,29,35,36
12/11/2016,12,28,47,32,51,68,28,75,62,46,86,45,36,52,44,33,27,26,38,31,31,47,30,19,32
12/11/2016,13,30,37,22,59,16,34,51,85,25,96,47,33,35,38,33,41,34,41,37,37,36,40,6,27
12/11/2016,14,44,24,27,56,20,25,52,42,52,90,32,20,14,22,37,32,50,22,35,35,20,25,20,22
12/11/2016,15,40,26,38,24,12,23,15,25,18,45,28,16,33,26,36,40,56,33,41,41,26,48,16,30
12/11/2016,16,21,44,39,24,32,20,36,66,27,22,32,27,43,34,36,43,43,34,39,39,32,37,31,33
12/11/2016,17,22,32,31,24,32,22,56,26,36,20,43,32,43,39,47,30,41,31,37,37,26,35,45,35
12/11/2016,18,50,49,32,24,65,41,34,48,82,46,36,34,36,35,44,43,64,17,42,42,70,46,63,60
12/11/2016,19,61,73,58,66,47,63,54,55,108,60,42,33,51,42,42,41,33,30,37,37,52,60,93,68
12/11/2016,20,57,74,56,65,90,64,79,51,103,53,51,47,55,51,38,56,34,37,41,41,49,49,79,59
12/11/2016,21,51,50,50,60,75,47,82,25,67,50,46,46,46,46,49,46,32,38,41,41,53,56,61,57
12/11/2016,22,51,51,49,49,62,25,85,47,91,41,24,30,28,27,55,49,32,39,44,44,81,55,46,61
12/11/2016,23,45,53,55,58,56,24,51,39,114,61,40,65,38,48,48,39,29,39,39,39,60,37,45,47
12/11/2016,24,36,55,49,47,51,27,65,45,73,87,47,48,45,47,31,50,27,41,37,37,50,27,39,39
12/12/2016,1,30,49,41,54,45,46,62,46,46,37,43,44,49,45,27,55,22,44,37,37,62,29,65,52
12/12/2016,2,19,46,23,48,48,35,51,27,58,22,41,42,37,40,24,47,19,42,33,33,66,27,55,49
12/12/2016,3,19,22,16,28,29,38,34,42,49,55,27,30,33,30,22,39,19,30,28,28,66,32,41,46
12/12/2016,4,20,21,16,39,26,34,29,52,57,80,26,30,31,29,21,44,12,28,26,26,40,28,45,38
12/12/2016,5,19,26,21,57,28,36,32,43,51,47,30,28,37,32,23,26,14,32,24,24,45,26,35,35
12/12/2016,6,35,41,22,46,63,43,30,45,69,70,26,34,40,33,22,18,17,26,21,21,55,18,31,35
12/12/2016,7,71,55,31,45,50,42,70,54,70,114,38,40,49,42,18,21,24,32,24,24,58,17,50,42
12/12/2016,8,114,74,50,71,103,51,96,65,106,132,56,46,70,57,17,32,34,54,34,34,77,14,71,54
12/12/2016,9,77,74,63,83,106,55,115,67,139,113,62,40,79,60,25,31,37,54,37,37,84,23,82,63
12/12/2016,10,66,74,57,66,126,41,71,84,122,128,73,38,80,64,46,25,45,64,45,45,80,29,63,57
12/12/2016,11,31,63,27,48,54,32,76,50,56,123,55,42,68,55,19,23,26,32,25,25,97,30,64,64
12/12/2016,12,32,51,19,49,27,23,23,30,67,52,45,34,55,45,27,31,30,27,29,29,70,29,50,50
12/12/2016,13,37,54,25,30,22,22,21,25,23,47,32,27,36,32,36,12,23,27,25,25,39,33,29,34
12/12/2016,14,39,50,25,39,26,29,16,52,33,62,40,26,53,40,42,35,30,29,34,34,39,52,35,42
12/12/2016,15,31,45,26,43,25,57,19,58,42,56,37,26,42,35,40,30,23,31,31,31,44,66,32,47
12/12/2016,16,32,43,31,51,39,37,10,40,42,49,48,34,33,38,46,28,28,31,33,33,51,46,32,43
12/12/2016,17,30,47,33,48,49,42,39,72,44,46,81,35,51,56,57,36,28,26,37,37,54,37,37,43
12/12/2016,18,36,56,56,50,56,53,69,70,68,87,96,43,38,59,52,47,26,29,39,39,85,52,61,66
12/12/2016,19,78,80,54,72,86,93,61,71,75,75,66,52,59,59,41,48,28,33,38,38,72,44,42,53
12/12/2016,20,54,74,64,90,128,62,118,80,89,97,55,60,66,60,38,37,30,34,35,35,72,41,78,64
12/12/2016,21,60,64,72,74,99,36,135,46,55,63,73,65,57,65,36,42,23,38,35,35,72,42,90,68
12/12/2016,22,61,67,49,74,72,53,68,61,83,43,58,45,44,49,50,42,23,44,40,40,67,43,88,66
12/12/2016,23,50,64,34,53,89,44,36,51,63,55,50,35,55,47,32,27,26,35,30,30,54,48,54,52
12/12/2016,24,43,53,29,52,63,51,38,60,45,51,43,38,40,40,24,26,28,30,27,27,70,46,44,53
12/13/2016,1,36,45,32,40,50,54,61,31,25,72,36,19,24,26,29,33,20,32,29,29,63,35,41,46
12/13/2016,2,29,40,22,33,25,41,39,15,39,60,28,25,30,28,16,18,16,22,18,18,45,29,34,36
12/13/2016,3,31,34,23,37,47,37,38,28,63,50,27,27,26,27,14,21,16,17,17,17,55,20,29,35
12/13/2016,4,37,32,22,32,39,39,41,34,56,57,26,23,28,26,19,26,15,21,20,20,57,15,26,33
12/13/2016,5,25,36,21,32,47,39,32,41,52,75,26,32,27,28,16,19,15,22,18,18,80,15,28,41
12/13/2016,6,39,35,27,40,116,42,42,48,59,99,31,34,31,32,18,14,16,26,19,19,77,16,30,41
12/13/2016,7,85,64,49,53,45,46,59,48,70,140,42,40,52,45,22,29,15,35,25,25,77,18,42,46
12/13/2016,8,118,97,88,55,124,56,134,75,140,195,115,44,62,74,21,45,13,55,34,34,103,18,85,69
12/13/2016,9,88,82,90,86,119,68,177,89,129,189,86,38,63,62,57,88,18,57,55,55,145,15,114,91
12/13/2016,10,97,94,87,73,163,60,95,107,122,163,76,47,65,63,44,74,20,69,52,52,91,24,58,58
12/13/2016,11,82,84,83,87,114,44,106,52,88,111,80,65,79,75,45,60,27,60,48,48,75,53,64,64
12/13/2016,12,100,100,50,92,69,43,61,68,55,57,76,57,70,68,31,65,36,56,47,47,71,44,58,58
12/13/2016,13,47,68,43,70,46,34,5,28,15,21,61,37,47,48,39,63,49,44,49,49,68,63,28,53
12/13/2016,14,45,79,55,65,30,50,21,43,38,38,80,35,57,57,49,58,43,54,51,51,87,60,59,69
12/13/2016,15,42,87,58,69,15,41,47,59,41,63,73,45,59,59,60,43,47,59,52,52,93,75,67,78
12/13/2016,16,26,69,42,58,31,36,49,44,27,49,88,57,73,73,68,54,47,58,57,57,87,88,66,80
12/13/2016,17,55,52,42,48,56,43,68,25,58,51,77,55,66,66,80,55,53,60,62,62,80,73,55,69
12/13/2016,18,98,49,49,67,77,63,80,51,91,60,67,34,51,51,80,58,47,52,59,59,91,68,74,78
12/13/2016,19,79,97,63,80,134,80,117,76,129,81,69,42,56,56,59,63,46,50,55,55,140,75,90,102
12/13/2016,20,76,107,59,100,146,68,183,95,152,94,72,56,64,64,47,47,27,45,42,42,92,81,120,98
12/13/2016,21,69,92,64,92,103,46,162,92,90,86,74,52,63,63,44,41,27,42,39,39,102,79,79,87
12/13/2016,22,74,98,67,87,82,49,116,55,89,65,72,42,80,65,49,42,31,43,41,41,90,59,59,69
12/13/2016,23,66,75,47,65,63,36,61,53,71,55,66,39,75,60,47,44,33,39,41,41,112,49,52,71
12/13/2016,24,15,57,30,39,35,27,57,43,81,41,48,47,52,49,33,32,23,25,28,28,110,48,59,72
12/14/2016,1,35,39,24,39,34,32,84,24,79,30,33,45,34,37,33,1,17,22,18,18,77,32,35,48
12/14/2016,2,20,45,10,36,35,34,44,37,88,23,26,28,32,29,23,20,14,14,18,18,80,26,17,41
12/14/2016,3,9,38,12,46,24,51,36,33,70,40,17,20,20,19,16,19,10,11,14,14,72,18,17,36
12/14/2016,4,11,31,9,30,35,47,33,34,58,64,25,26,20,24,7,18,6,11,11,11,60,13,28,34
12/14/2016,5,10,29,14,36,21,58,30,56,49,68,23,35,22,27,9,12,9,20,13,13,48,11,19,26
12/14/2016,6,29,46,15,29,70,67,37,78,72,114,29,57,67,51,16,7,8,33,16,16,76,10,26,37
12/14/2016,7,86,55,33,56,47,56,51,111,87,167,45,58,81,61,12,29,6,41,22,22,99,15,52,55
12/14/2016,8,136,109,72,69,119,64,112,95,179,234,47,60,96,68,14,53,9,46,31,31,104,22,86,71
12/14/2016,9,102,117,72,84,118,70,134,122,144,215,85,57,76,73,25,42,17,58,36,36,147,112,76,112
12/14/2016,10,121,106,59,78,136,58,73,105,132,142,97,49,78,75,43,46,17,78,46,46,104,83,62,83
12/14/2016,11,38,81,52,53,160,47,116,65,84,117,96,52,71,73,36,41,18,70,41,41,108,108,108,108
12/14/2016,12,60,62,32,56,97,45,69,67,60,107,68,46,78,64,42,48,34,67,48,48,105,105,105,105
12/14/2016,13,107,63,33,95,89,47,57,72,75,83,77,47,55,60,48,43,40,41,43,43,76,76,76,76
12/14/2016,14,55,76,42,88,72,59,44,56,37,60,62,42,40,48,58,50,45,47,50,50,109,109,109,109
12/14/2016,15,51,70,54,73,50,65,45,59,45,55,56,39,62,52,51,44,43,37,44,44,75,57,45,59
12/14/2016,16,59,71,48,64,49,79,43,39,49,60,61,33,56,50,53,44,38,42,44,44,62,61,58,60
12/14/2016,17,56,54,54,59,46,87,46,50,47,54,59,42,55,52,50,50,51,48,50,50,80,51,57,63
12/14/2016,18,91,56,68,68,81,100,127,58,121,74,63,46,74,61,58,50,41,51,50,50,83,55,79,72
12/14/2016,19,118,126,102,108,129,92,121,94,153,99,102,59,78,80,60,51,39,55,51,51,90,60,80,77
12/14/2016,20,98,83,87,109,144,62,118,68,102,77,104,61,79,81,63,54,36,64,54,54,100,49,106,85
12/14/2016,21,76,80,77,71,47,49,81,58,97,39,84,46,71,67,62,52,39,54,52,52,136,60,85,94
12/14/2016,22,61,64,46,62,107,40,91,38,76,31,71,31,52,51,47,45,40,47,45,45,105,68,74,82
12/14/2016,23,60,50,39,51,96,37,113,45,92,27,53,39,42,45,32,33,27,40,33,33,70,59,76,68
12/14/2016,24,62,43,35,28,77,27,56,32,57,37,47,30,39,39,24,28,20,41,28,28,74,44,91,70
12/15/2016,1,34,32,25,34,58,25,34,27,48,49,32,38,30,33,34,26,14,29,26,26,62,37,95,65
12/15/2016,2,24,26,14,28,39,31,24,40,34,65,31,29,24,28,28,22,10,27,22,22,93,37,58,63
12/15/2016,3,23,25,13,26,44,32,13,23,28,69,27,22,27,25,32,23,9,28,23,23,97,38,49,61
12/15/2016,4,22,29,35,25,28,39,50,46,25,58,21,19,27,22,25,21,14,25,21,21,86,30,29,48
12/15/2016,5,20,40,37,23,20,43,45,53,41,77,27,25,28,27,26,23,12,31,23,23,57,28,44,43
12/15/2016,6,40,49,32,31,44,50,61,59,21,72,35,31,30,32,29,22,12,26,22,22,66,23,35,41
12/15/2016,7,82,48,51,45,49,43,48,70,35,109,39,34,41,38,27,24,12,33,24,24,104,31,44,60
12/15/2016,8,95,77,68,45,87,41,80,92,84,127,57,44,61,54,33,28,12,38,28,28,88,38,80,69
12/15/2016,9,95,75,54,73,82,66,154,86,112,135,59,61,72,64,40,35,25,40,35,35,140,45,119,101
12/15/2016,10,72,69,61,63,96,64,127,85,98,114,68,62,70,67,47,42,29,49,42,42,148,48,78,91
12/15/2016,11,78,82,62,77,91,37,46,63,57,82,88,81,91,87,61,53,37,62,53,53,148,59,85,97
12/15/2016,12,42,91,55,93,74,38,37,68,57,83,81,53,62,65,76,60,43,61,60,60,114,76,102,97
12/15/2016,13,55,97,69,94,72,42,31,92,64,92,76,42,68,62,73,63,49,68,63,63,111,101,106,106
12/15/2016,14,60,99,70,99,48,50,28,82,58,72,89,30,71,63,77,66,54,66,66,66,140,104,72,105
12/15/2016,15,51,97,51,78,36,36,51,77,49,73,79,51,55,62,74,61,51,58,61,61,99,101,55,85
12/15/2016,16,62,84,58,77,48,28,60,51,74,65,68,50,62,60,75,64,63,54,64,64,93,86,32,70
12/15/2016,17,70,83,60,69,62,57,55,40,55,64,84,40,68,64,61,63,62,67,63,63,104,75,63,81
12/15/2016,18,87,70,73,69,97,38,67,68,64,76,69,54,66,63,59,48,39,45,48,48,83,63,68,71
12/15/2016,19,101,42,51,66,93,39,71,119,86,139,44,64,36,48,39,37,37,34,37,37,75,59,61,65
12/15/2016,20,61,57,51,68,37,61,44,55,34,106,46,38,45,43,33,33,33,33,33,33,80,85,90,85
12/15/2016,21,40,58,39,50,37,35,36,39,32,65,55,23,54,44,47,34,21,34,34,34,28,45,61,45
12/15/2016,22,22,52,22,36,19,28,41,41,48,55,46,27,37,37,28,25,20,27,25,25,11,11,11,11
12/15/2016,23,17,31,20,29,13,32,29,38,25,64,30,21,28,26,26,22,20,21,22,22,25,25,25,25
12/15/2016,24,34,30,13,35,22,15,74,35,26,62,31,12,30,24,22,19,21,14,19,19,19,19,19,19
12/16/2016,1,61,28,16,56,28,22,57,49,23,65,32,15,34,27,25,28,16,19,22,22,17,33,25,25
12/16/2016,2,34,38,14,44,31,32,39,30,26,63,28,26,31,28,27,15,11,19,18,18,35,27,9,24
12/16/2016,3,54,38,9,65,25,28,38,38,11,94,25,30,29,28,25,23,9,17,19,19,30,24,14,23
12/16/2016,4,57,51,17,49,10,33,38,24,24,58,24,29,32,28,34,29,12,22,24,24,32,23,4,20
12/16/2016,5,22,43,17,54,25,31,34,45,37,60,37,28,37,34,33,40,15,26,29,29,32,20,24,25
12/16/2016,6,69,47,23,42,65,27,39,34,50,75,40,34,34,36,27,36,15,27,26,26,34,20,5,20
12/16/2016,7,90,64,33,43,35,30,68,42,52,105,42,43,52,46,29,44,14,42,32,32,34,9,10,18
12/16/2016,8,162,70,79,76,74,38,103,50,77,132,56,42,64,54,31,45,14,52,36,36,45,10,33,29
12/16/2016,9,148,78,103,92,84,55,192,113,77,129,68,32,64,55,35,58,12,35,35,35,74,12,45,44
12/16/2016,10,98,73,70,88,149,49,45,76,104,104,69,38,65,57,36,60,13,36,36,36,63,32,54,50
12/16/2016,11,92,78,92,97,130,43,74,74,88,89,77,46,59,61,45,63,21,43,43,43,75,34,55,55
12/16/2016,12,85,89,60,107,108,62,81,85,79,117,74,49,76,66,51,54,19,41,41,41,22,31,30,28
12/16/2016,13,54,107,44,100,58,83,42,85,85,130,77,54,76,69,53,49,53,58,53,53,14,26,22,21
12/16/2016,14,59,84,65,98,34,43,22,82,61,95,83,50,69,67,45,71,57,56,57,57,32,16,9,19
12/16/2016,15,110,85,44,57,82,42,103,78,30,102,74,57,66,66,46,71,64,74,64,64,48,17,25,30
12/16/2016,16,51,40,20,42,39,51,32,65,105,84,52,37,52,47,30,66,40,33,42,42,26,18,2,15
12/16/2016,17,56,41,20,31,29,97,16,58,41,73,48,30,41,40,22,48,25,29,31,31,31,13,24,23
12/16/2016,18,69,63,36,41,23,74,66,60,58,88,53,25,38,39,45,23,20,30,30,30,19,16,7,14
12/16/2016,19,55,114,56,65,56,133,45,84,122,102,57,33,54,48,46,27,25,43,35,35,78,15,16,36
12/16/2016,20,62,128,117,81,96,145,70,85,129,144,67,42,65,58,40,38,23,51,38,38,88,12,54,51
12/16/2016,21,67,94,90,53,34,141,95,142,68,89,81,55,73,70,32,18,21,49,30,30,68,11,28,36
12/16/2016,22,46,95,88,47,33,88,114,118,68,84,79,62,60,67,27,21,19,39,27,27,61,12,57,43
12/16/2016,23,87,70,85,42,34,70,82,80,66,118,60,38,55,51,41,26,19,49,34,34,54,17,43,38
12/16/2016,24,58,59,82,49,53,87,50,60,48,112,54,35,57,49,47,34,23,49,38,38,75,26,42,48
12/17/2016,1,129,69,63,52,58,105,62,59,46,105,67,48,71,62,47,59,22,55,46,46,33,31,33,32
12/17/2016,2,131,84,49,73,53,108,30,93,69,91,60,55,64,60,44,51,19,47,40,40,51,25,25,34
12/17/2016,3,78,89,42,76,57,91,33,62,80,89,61,46,64,57,43,41,10,55,37,37,51,34,28,38
12/17/2016,4,55,79,35,66,55,70,16,74,94,88,65,41,60,55,39,38,8,52,34,34,42,17,23,27
12/17/2016,5,101,67,35,55,79,77,30,133,70,97,55,41,46,47,30,32,8,47,29,29,36,10,26,24
12/17/2016,6,67,88,35,52,63,67,43,88,67,160,55,43,49,49,23,23,6,44,24,24,48,8,33,30
12/17/2016,7,133,88,41,69,68,127,47,78,99,158,52,36,53,47,21,17,6,40,21,21,63,5,28,32
12/17/2016,8,153,78,66,70,105,150,91,110,144,176,57,43,60,53,26,24,6,59,29,29,76,6,35,39
12/17/2016,9,144,103,71,104,143,65,219,120,189,131,63,41,66,57,40,41,4,57,36,36,107,7,46,53
12/17/2016,10,90,90,66,104,169,70,66,84,153,89,59,31,53,48,54,43,5,59,40,40,58,16,58,44
12/17/2016,11,90,69,76,74,148,68,116,40,140,64,56,29,35,40,52,56,10,48,42,42,31,16,41,29
12/17/2016,12,70,56,62,54,69,73,63,34,91,54,43,26,20,30,41,50,12,35,35,35,39,14,11,21
12/17/2016,13,33,42,37,56,18,41,54,31,47,40,35,18,26,26,33,14,15,46,27,27,28,14,4,15
12/17/2016,14,6,31,2,31,19,37,48,40,18,33,29,13,41,28,22,19,16,24,20,20,17,11,9,12
12/17/2016,15,19,34,6,17,19,46,7,39,29,35,32,12,43,29,16,10,12,22,15,15,20,11,23,18
12/17/2016,16,19,32,8,27,12,34,9,38,3,36,29,13,44,29,19,19,12,15,16,16,33,15,11,20
12/17/2016,17,31,18,20,14,12,38,5,34,38,32,35,23,18,25,24,19,13,19,19,19,34,16,13,21
12/17/2016,18,43,19,20,16,41,47,51,36,62,62,30,23,13,22,13,33,17,19,21,21,34,17,44,32
12/17/2016,19,39,23,29,26,48,54,50,45,74,60,30,29,21,27,13,28,16,14,18,18,24,17,22,21
12/17/2016,20,43,25,22,18,63,55,20,41,61,50,39,25,32,32,14,19,14,22,17,17,27,13,23,21
12/17/2016,21,50,26,30,25,54,40,40,41,74,60,36,27,34,32,12,14,13,26,16,16,30,15,51,32
12/17/2016,22,104,42,24,27,36,41,64,40,57,47,36,26,32,31,13,24,8,27,18,18,25,10,47,27
12/17/2016,23,82,53,42,35,46,53,78,47,53,42,36,30,40,35,12,23,9,34,20,20,22,17,39,26
12/17/2016,24,107,50,49,40,47,88,125,43,56,48,39,27,37,34,15,16,10,38,20,20,22,8,29,20
12/18/2016,1,44,73,48,47,68,93,83,44,72,56,37,36,30,48,17,14,9,27,17,17,22,9,36,22
12/18/2016,2,25,60,33,52,68,81,59,52,140,27,45,29,35,47,22,18,10,20,18,18,24,8,26,19
12/18/2016,3,39,54,20,36,63,74,28,30,88,46,43,33,33,51,18,17,6,22,16,16,21,8,13,14
12/18/2016,4,43,35,25,42,53,57,30,33,94,58,33,29,26,41,14,11,5,19,12,12,19,8,10,12
12/18/2016,5,44,30,22,37,25,54,29,42,65,81,30,29,29,33,16,21,8,17,16,16,21,8,9,13
12/18/2016,6,45,25,14,33,36,47,17,45,68,323,35,21,27,44,15,4,6,21,12,12,47,10,9,22
12/18/2016,7,75,34,22,37,34,68,6,31,64,97,31,25,28,37,15,20,8,24,17,17,40,11,26,26
12/18/2016,8,86,54,35,44,57,96,60,46,91,80,32,23,20,35,18,21,8,29,19,19,59,18,39,39
12/18/2016,9,87,47,45,52,68,41,95,46,88,65,34,18,24,36,19,16,21,28,21,21,64,16,40,40
12/18/2016,10,69,50,38,74,87,32,66,48,96,115,40,23,33,46,25,33,30,31,30,30,46,23,47,39
12/18/2016,11,39,63,47,56,38,36,56,45,64,61,52,36,31,56,45,19,35,41,35,35,60,28,63,50
12/18/2016,12,35,52,55,60,32,20,28,49,43,64,45,29,20,38,24,28,27,30,27,27,65,47,62,58
12/18/2016,13,42,49,50,67,33,22,43,37,21,56,42,26,12,56,34,31,32,23,30,30,53,106,34,64
12/18/2016,14,30,47,49,61,14,23,20,39,15,51,46,25,20,36,36,25,34,26,30,30,46,43,28,39
12/18/2016,15,36,40,29,62,13,24,32,43,23,44,46,22,26,28,41,32,34,38,36,36,44,44,43,44
12/18/2016,16,48,46,36,62,40,38,37,34,39,35,58,35,42,41,44,38,43,34,40,40,50,31,39,40
12/18/2016,17,52,54,54,64,102,43,133,75,195,58,56,36,52,43,43,50,38,38,42,42,40,25,24,30
12/18/2016,18,138,77,100,119,130,139,141,123,110,128,63,42,51,64,32,38,37,44,38,38,34,23,46,34
12/18/2016,19,67,80,75,85,62,53,29,48,60,55,86,65,61,65,37,43,17,57,39,39,48,24,30,34
12/18/2016,20,44,63,37,40,61,45,62,37,53,46,67,43,51,75,62,55,27,38,46,46,73,39,73,62
12/18/2016,21,50,50,39,44,52,36,36,37,34,43,49,43,48,40,45,40,41,32,40,40,56,61,64,60
12/18/2016,22,52,49,38,46,15,38,42,26,28,42,47,35,40,43,35,34,39,31,35,35,53,48,48,50
12/18/2016,23,24,38,31,48,25,36,37,38,22,51,53,34,42,40,38,36,36,36,37,37,44,35,51,43
12/18/2016,24,21,37,19,26,21,40,40,40,20,58,52,36,36,42,38,35,33,32,35,35,38,36,22,32
12/19/2016,1,14,35,21,31,25,30,25,33,18,83,37,34,28,35,43,42,30,29,36,36,51,46,30,42
12/19/2016,2,24,44,23,41,20,41,37,33,18,51,33,25,31,34,42,38,24,27,33,33,45,45,23,38
12/19/2016,3,18,43,18,23,20,26,9,35,10,63,33,28,29,75,48,36,22,24,33,33,35,42,31,36
12/19/2016,4,18,31,14,27,18,20,21,32,21,57,30,31,24,54,39,31,21,25,29,29,44,44,39,42
12/19/2016,5,17,34,20,24,10,18,47,33,17,65,29,28,24,41,29,45,18,21,28,28,49,47,21,39
12/19/2016,6,22,33,12,36,26,28,71,31,41,63,29,23,20,30,27,36,21,19,26,26,50,42,29,40
12/19/2016,7,40,36,25,55,49,27,48,29,34,73,36,24,32,35,30,25,21,26,26,26,64,37,17,39
12/19/2016,8,55,50,38,41,20,29,69,55,20,72,42,25,36,43,30,18,27,33,27,27,40,35,23,33
12/19/2016,9,32,52,43,39,14,34,27,51,40,86,54,30,44,62,31,32,32,33,32,32,57,36,39,44
12/19/2016,10,42,58,27,41,46,21,23,49,52,84,58,36,58,54,34,48,40,37,40,40,63,40,39,47
12/19/2016,11,37,68,31,57,48,11,38,47,60,76,69,44,55,66,47,52,45,37,45,45,68,47,42,52
12/19/2016,12,46,69,33,72,55,8,18,32,25,41,78,51,68,90,59,56,42,47,51,51,61,50,52,54
12/19/2016,13,34,64,40,52,48,8,13,27,20,30,81,52,66,66,60,30,42,62,49,49,52,49,50,50
12/19/2016,14,22,50,35,40,42,7,3,22,17,35,70,32,55,59,61,36,28,43,42,42,46,67,55,56
12/19/2016,15,12,40,25,25,23,13,15,27,23,35,53,21,46,24,52,24,40,37,38,38,42,68,52,54
12/19/2016,16,35,36,16,29,29,15,28,20,20,18,55,23,28,31,48,35,43,34,40,40,40,64,48,51
12/19/2016,17,43,34,28,31,41,38,80,27,63,27,46,20,28,26,53,26,41,26,37,37,36,69,37,47
12/19/2016,18,75,67,61,69,62,51,51,41,57,55,51,29,38,38,58,25,37,25,36,36,61,59,58,59
12/19/2016,19,69,57,60,88,66,64,44,60,43,45,45,35,32,47,59,43,34,32,42,42,57,41,30,43
12/19/2016,20,45,62,48,43,58,53,43,48,46,50,60,30,51,54,53,38,29,38,40,40,46,40,39,42
12/19/2016,21,39,51,32,38,35,41,44,44,44,41,48,40,41,66,34,29,23,18,26,26,49,50,49,49
12/19/2016,22,39,38,26,30,27,21,50,53,31,35,34,26,34,39,27,29,21,16,23,23,55,42,31,43
12/19/2016,23,31,33,21,32,33,17,29,20,43,18,31,20,26,39,23,25,18,15,20,20,42,28,28,33
12/19/2016,24,20,28,9,17,33,8,13,18,17,14,28,20,20,35,24,25,18,13,20,20,27,23,16,22
12/20/2016,1,11,25,8,16,29,14,13,20,15,16,24,29,19,38,27,31,16,15,22,22,22,22,12,19
12/20/2016,2,19,18,5,10,28,17,16,9,18,18,15,12,11,20,14,13,13,11,13,13,20,17,9,15
12/20/2016,3,19,20,3,10,26,9,14,11,24,9,16,11,14,26,10,10,13,6,10,10,16,16,5,12
12/20/2016,4,11,15,3,11,24,17,4,9,21,29,16,14,8,31,12,9,9,7,9,9,15,10,1,9
12/20/2016,5,10,31,6,16,26,44,13,23,19,21,16,12,12,29,12,11,10,11,11,11,30,8,3,14
12/20/2016,6,12,32,11,21,31,63,37,27,25,22,31,18,27,31,7,7,7,8,7,7,38,13,4,18
12/20/2016,7,17,50,14,27,33,51,57,37,37,54,30,20,28,63,10,13,8,20,13,13,60,9,6,25
12/20/2016,8,23,59,20,17,44,70,51,52,59,116,31,31,26,56,14,14,7,22,14,14,19,14,24,19
12/20/2016,9,26,50,22,34,47,48,43,50,54,81,33,28,43,58,20,19,13,24,19,19,28,14,41,28
12/20/2016,10,25,47,23,45,40,39,27,38,38,83,39,28,22,38,22,18,16,17,18,18,28,16,40,28
12/20/2016,11,26,36,22,35,33,29,28,26,25,47,34,20,25,44,26,23,18,26,23,23,67,24,38,43
12/20/2016,12,34,42,28,41,23,38,20,28,18,44,43,22,30,37,28,25,22,25,25,25,48,26,35,36
12/20/2016,13,24,36,33,37,18,38,12,39,11,38,46,24,24,48,39,33,24,35,33,33,53,31,18,34
12/20/2016,14,28,43,24,36,31,22,41,35,19,46,49,26,35,46,27,29,21,40,29,29,45,36,25,35
12/20/2016,15,29,36,29,40,24,15,38,32,18,30,56,29,32,37,34,29,29,23,29,29,43,45,20,36
12/20/2016,16,54,35,32,45,36,24,46,24,69,28,55,31,43,35,37,35,32,35,35,35,55,39,14,36
12/20/2016,17,69,71,53,61,36,21,81,46,62,62,49,25,46,39,40,33,35,25,33,33,48,38,28,38
12/20/2016,18,57,62,61,69,45,39,51,95,72,66,63,37,53,51,50,41,38,36,41,41,93,38,61,64
12/20/2016,19,52,65,47,72,55,58,53,61,59,60,63,30,52,48,52,43,39,38,43,43,67,36,70,58
12/20/2016,20,48,61,32,36,43,43,64,39,55,43,55,41,53,77,45,35,30,30,35,35,73,47,80,67
12/20/2016,21,38,43,27,39,44,28,46,39,36,32,51,32,36,45,36,28,23,26,28,28,51,44,43,46
12/20/2016,22,33,34,17,34,41,36,42,29,35,36,46,26,30,47,27,23,18,25,23,23,52,36,39,42
12/20/2016,23,27,33,14,27,44,30,32,26,51,28,33,22,25,39,21,17,16,14,17,17,47,30,26,34
12/20/2016,24,37,25,10,26,47,16,44,28,26,34,27,22,24,34,19,16,20,8,16,16,40,22,18,27
12/21/2016,1,19,25,12,22,46,28,43,21,30,43,24,20,20,32,15,17,21,14,17,17,53,20,13,29
12/21/2016,2,22,24,12,20,39,34,17,13,32,44,22,18,15,34,13,17,22,16,17,17,46,15,16,26
12/21/2016,3,23,31,14,17,36,40,34,23,35,29,29,23,26,39,11,18,22,20,18,18,25,18,21,21
12/21/2016,4,12,48,4,34,41,50,2,33,14,33,28,19,34,31,15,13,12,11,13,13,25,23,24,24
12/21/2016,5,14,43,10,29,45,25,14,27,21,44,27,26,24,30,10,11,7,16,11,11,31,16,27,25
12/21/2016,6,12,33,6,22,39,20,32,37,29,46,35,25,24,55,14,17,6,13,13,13,49,20,20,30
12/21/2016,7,13,38,19,51,38,31,47,48,47,84,29,24,23,40,13,15,6,19,13,13,59,18,11,29
12/21/2016,8,90,64,26,55,49,49,85,55,117,120,39,26,45,45,6,18,4,32,15,15,25,19,30,25
12/21/2016,9,117,70,40,70,69,40,166,49,71,116,41,29,46,49,20,15,4,28,17,17,41,20,61,41
12/21/2016,10,28,73,33,116,56,15,20,47,84,97,41,27,41,54,41,7,4,29,20,20,37,24,49,37
12/21/2016,11,15,47,19,47,36,13,15,42,60,61,42,34,42,50,40,22,8,24,24,24,45,40,33,39
12/21/2016,12,40,45,25,49,41,12,42,57,42,58,71,71,71,71,55,39,14,35,36,36,41,29,25,32
12/21/2016,13,29,46,32,44,18,14,9,37,15,28,51,39,51,63,38,28,33,37,34,34,57,51,38,49
12/21/2016,14,25,41,15,51,26,23,14,40,13,27,44,35,44,53,46,30,20,46,36,36,41,55,34,43
12/21/2016,15,24,41,19,40,25,26,19,28,15,26,51,41,51,61,49,39,24,33,36,36,55,61,28,48
12/21/2016,16,21,38,26,57,32,42,59,33,15,62,47,36,45,60,51,28,31,31,35,35,54,61,42,52
12/21/2016,17,21,43,25,25,39,49,63,36,79,56,46,41,50,47,44,44,48,32,42,42,87,52,44,61
12/21/2016,18,98,52,43,68,70,61,40,64,42,73,46,35,54,50,51,51,36,46,46,46,58,39,72,56
12/21/2016,19,75,69,77,66,58,53,69,43,70,59,62,59,59,67,47,62,43,62,54,54,71,32,48,50
12/21/2016,20,82,59,55,88,75,42,132,80,90,55,48,45,47,53,60,57,26,35,45,45,75,17,53,48
12/21/2016,21,69,56,43,75,69,32,100,27,53,48,42,27,50,48,46,43,27,35,38,38,87,30,36,51
12/21/2016,22,74,46,31,36,60,23,81,46,69,71,34,28,36,38,34,39,21,31,31,31,80,39,75,65
12/21/2016,23,79,39,27,43,54,34,80,39,75,76,37,32,32,47,29,43,15,31,30,30,60,31,56,49
12/21/2016,24,47,42,30,39,54,33,79,40,64,76,35,22,35,48,23,45,13,36,29,29,66,22,37,42
12/22/2016,1,56,48,43,37,45,43,79,57,52,62,37,28,33,50,23,32,16,34,26,26,47,19,39,35
12/22/2016,2,29,52,46,49,49,44,75,51,35,76,53,42,47,69,22,23,13,46,26,26,47,17,49,38
12/22/2016,3,30,64,43,28,43,48,44,52,29,74,46,38,45,56,22,22,18,32,24,24,70,18,50,46
12/22/2016,4,29,41,28,27,47,47,34,52,48,91,46,34,39,64,24,30,16,19,22,22,74,19,48,47
12/22/2016,5,52,35,18,20,46,46,39,49,46,79,44,30,37,64,20,24,17,25,22,22,52,18,36,35
12/22/2016,6,64,78,25,36,59,47,54,61,36,103,56,48,48,71,24,19,16,33,23,23,64,17,28,36
12/22/2016,7,81,77,33,77,66,46,103,56,45,122,44,36,47,48,26,33,10,43,28,28,96,13,31,47
12/22/2016,8,85,79,59,58,81,44,121,62,101,141,57,45,54,72,30,68,9,31,35,35,123,21,55,66
12/22/2016,9,141,62,68,67,98,44,177,71,134,136,67,43,59,99,48,69,12,51,45,45,118,30,74,74
12/22/2016,10,67,65,49,72,90,34,95,107,115,123,61,47,56,79,54,34,19,39,37,37,122,44,60,75
12/22/2016,11,36,73,47,75,87,29,76,100,51,123,57,53,55,62,59,45,23,50,44,44,115,51,57,74
12/22/2016,12,34,76,32,72,49,32,68,68,31,142,65,49,60,85,69,38,27,42,44,44,69,58,41,56
12/22/2016,13,35,83,52,76,41,33,51,65,39,66,69,43,78,86,51,32,26,47,39,39,80,51,54,62
12/22/2016,14,38,78,51,70,23,31,66,44,23,39,59,53,58,66,42,40,29,66,44,44,74,51,40,55
12/22/2016,15,32,65,39,42,48,15,83,40,107,44,37,37,28,46,50,41,34,38,41,41,81,66,62,70
12/22/2016,16,69,54,35,71,64,18,63,28,59,48,37,26,29,57,43,48,38,36,41,41,93,67,55,72
12/22/2016,17,84,67,60,66,52,26,65,44,61,62,37,27,44,39,46,40,33,35,39,39,72,68,80,73
12/22/2016,18,66,62,66,66,68,35,97,48,77,79,60,40,61,80,61,57,33,46,49,49,57,47,106,70
12/22/2016,19,52,64,42,56,67,55,81,69,86,86,66,60,51,87,71,78,35,39,56,56,53,31,10,31
12/22/2016,20,78,59,44,61,64,64,96,61,76,94,55,39,40,87,56,51,29,32,42,42,59,23,36,39
12/22/2016,21,88,54,47,60,52,45,104,125,71,110,51,35,40,78,42,58,26,28,39,39,54,21,86,54
12/22/2016,22,90,47,43,61,63,43,64,106,52,111,43,31,38,60,32,44,22,29,32,32,43,20,73,45
12/22/2016,23,63,40,24,50,73,54,59,82,90,98,43,33,38,58,25,37,19,29,28,28,40,20,48,36
12/22/2016,24,52,39,21,40,47,49,53,50,57,97,38,31,33,49,24,32,18,25,25,25,58,19,43,40
12/23/2016,1,30,29,21,28,32,36,67,39,57,75,34,34,27,42,25,28,18,32,26,26,45,20,62,42
12/23/2016,2,20,22,48,34,46,53,72,45,49,79,26,25,24,28,24,30,18,35,27,27,48,17,29,31
12/23/2016,3,19,25,34,29,37,34,35,44,30,84,30,25,21,43,25,33,19,25,26,26,49,18,66,44
12/23/2016,4,46,26,32,31,21,39,44,34,24,88,32,21,23,51,23,31,18,23,24,24,69,22,34,42
12/23/2016,5,59,26,36,39,36,41,50,44,42,67,47,36,39,65,26,28,14,30,25,25,62,20,24,35
12/23/2016,6,58,38,41,48,54,46,54,49,47,95,36,35,43,29,24,37,10,44,29,29,70,15,25,37
12/23/2016,7,108,51,51,67,59,43,85,67,63,90,44,36,47,49,25,36,8,27,24,24,78,15,41,45
12/23/2016,8,101,64,61,79,90,20,92,96,82,121,57,38,53,79,29,49,6,33,29,29,144,18,59,74
12/23/2016,9,80,68,80,82,98,14,80,118,73,140,68,39,64,101,35,56,7,51,37,37,120,21,78,73
12/23/2016,10,92,98,89,101,124,24,93,146,116,151,91,61,96,117,51,77,9,59,49,49,102,43,68,71
12/23/2016,11,68,107,65,95,140,37,112,154,128,181,103,73,106,129,54,69,17,71,53,53,83,51,65,66
12/23/2016,12,114,134,79,116,135,41,120,138,98,181,103,77,108,123,57,81,22,92,63,63,70,47,75,64
12/23/2016,13,131,134,95,119,114,48,91,106,70,130,93,75,98,107,66,86,23,78,63,63,52,53,58,54
12/23/2016,14,108,92,84,123,95,50,65,83,52,96,71,50,80,84,89,92,21,71,68,68,61,61,69,64
12/23/2016,15,81,78,58,66,78,47,78,91,58,85,81,61,84,98,67,73,20,73,58,58,58,18,32,36
12/23/2016,16,59,78,56,76,74,42,91,60,54,84,52,39,51,67,50,68,14,45,44,44,57,24,31,37
12/23/2016,17,73,68,59,62,53,38,98,61,66,66,32,21,29,47,34,60,13,45,38,38,55,26,37,39
12/23/2016,18,72,56,75,79,89,57,102,83,97,96,53,40,36,82,31,53,15,41,35,35,52,29,44,42
12/23/2016,19,183,65,115,124,115,107,141,103,175,96,60,49,55,76,28,63,16,43,38,38,66,35,39,47
12/23/2016,20,103,82,116,107,109,109,116,75,154,90,47,41,51,50,26,78,21,44,42,42,88,24,31,48
12/23/2016,21,83,107,84,100,108,114,108,85,120,80,61,42,52,88,31,66,23,63,46,46,61,21,83,55
12/23/2016,22,74,122,67,101,147,97,83,139,158,158,81,54,90,99,49,60,32,52,48,48,77,28,93,66
12/23/2016,23,69,112,69,88,139,95,95,136,111,185,94,72,85,126,52,46,45,46,47,47,66,50,75,64
12/23/2016,24,67,100,65,102,119,101,136,136,111,156,88,69,76,120,55,54,42,46,49,49,50,66,79,65
12/24/2016,1,48,96,82,86,79,90,87,159,135,157,79,77,59,114,41,37,32,37,37,37,51,59,86,65
12/24/2016,2,47,82,67,75,78,64,63,155,138,154,71,64,63,120,31,43,24,44,36,36,68,58,67,64
12/24/2016,3,70,63,52,65,63,64,61,91,144,147,69,64,65,123,26,34,18,47,31,31,57,47,49,51
12/24/2016,4,70,60,49,69,64,59,66,83,97,115,70,62,62,104,23,36,14,54,32,32,63,32,57,51
12/24/2016,5,56,52,38,46,73,55,65,84,89,107,61,61,73,79,24,33,13,49,30,30,64,31,55,50
12/24/2016,6,50,50,34,29,75,53,57,95,85,123,63,50,59,88,25,18,18,41,26,26,80,27,53,53
12/24/2016,7,54,53,40,54,129,55,76,90,104,126,65,57,67,94,22,37,16,54,32,32,111,26,47,61
12/24/2016,8,118,81,64,48,133,49,136,90,114,169,66,59,63,104,24,15,17,53,27,27,133,26,67,75
12/24/2016,9,90,110,76,56,158,62,132,82,134,162,78,59,67,126,44,34,23,63,41,41,113,37,92,81
12/24/2016,10,82,113,87,90,167,56,88,83,179,173,75,57,87,127,65,30,25,79,50,50,81,41,71,64
12/24/2016,11,63,109,73,72,125,52,123,107,154,185,80,60,96,125,65,40,32,71,52,52,89,65,85,80
12/24/2016,12,19,90,30,74,59,66,64,125,86,160,62,58,74,98,41,38,36,39,39,39,85,48,35,56
12/24/2016,13,21,69,28,78,49,88,29,107,12,126,58,42,38,82,41,27,37,40,36,36,73,52,13,46
12/24/2016,14,40,61,27,88,60,82,36,58,20,84,56,29,36,58,45,44,38,46,43,43,29,51,38,39
12/24/2016,15,33,58,42,40,54,56,58,63,20,29,56,44,59,68,46,45,30,44,41,41,61,29,41,44
12/24/2016,16,45,52,47,71,45,48,42,24,13,50,56,48,67,59,43,46,26,47,41,41,54,34,27,38
12/24/2016,17,45,54,34,37,37,54,43,53,34,80,52,49,49,51,48,49,23,44,41,41,52,30,46,43
12/24/2016,18,54,64,42,57,45,71,50,75,113,102,41,44,40,57,39,40,21,41,35,35,43,31,58,44
12/24/2016,19,94,53,70,66,104,87,101,118,125,94,41,38,40,59,32,36,15,28,28,28,53,25,41,40
12/24/2016,20,77,37,47,88,71,77,135,75,107,63,44,39,39,53,34,36,18,31,30,30,69,17,50,45
12/24/2016,21,49,48,58,97,101,73,129,68,99,107,52,42,40,76,46,39,16,30,33,33,71,12,68,50
12/24/2016,22,60,57,56,57,93,93,154,64,154,128,63,49,31,95,36,38,19,32,31,31,58,19,106,61
12/24/2016,23,91,67,84,80,92,133,132,107,160,107,65,87,54,104,43,48,14,43,37,37,42,20,110,57
12/24/2016,24,100,63,93,68,100,165,142,126,339,168,76,114,74,98,35,39,12,28,29,29,74,11,125,70
12/25/2016,1,123,64,96,96,122,177,161,99,264,153,92,111,85,123,26,41,12,52,33,33,126,9,115,83
12/25/2016,2,74,85,127,138,146,218,149,126,277,257,101,141,87,130,26,88,18,101,58,58,116,13,144,91
12/25/2016,3,129,120,124,115,133,159,169,223,382,232,99,144,88,124,21,121,20,98,65,65,106,15,145,89
12/25/2016,4,109,104,125,68,143,140,193,219,314,193,106,130,86,135,30,84,16,78,52,52,221,16,108,115
12/25/2016,5,95,110,99,81,160,140,121,230,316,230,118,98,93,102,32,25,9,67,33,33,131,15,88,78
12/25/2016,6,102,109,81,87,190,124,132,151,305,287,112,92,96,136,25,34,8,101,42,42,203,13,74,97
12/25/2016,7,77,117,61,79,216,82,158,112,334,242,110,89,89,193,31,34,10,109,46,46,146,11,93,83
12/25/2016,8,76,123,52,46,288,71,183,121,260,204,110,96,97,158,24,30,8,99,40,40,136,15,93,81
12/25/2016,9,80,127,48,53,254,61,149,98,262,188,97,95,102,151,26,11,9,97,36,36,115,17,109,80
12/25/2016,10,76,194,51,112,229,53,114,106,233,177,96,98,97,166,48,19,5,101,43,43,71,18,91,60
12/25/2016,11,85,166,58,142,143,63,127,85,174,110,105,80,101,151,70,37,7,78,48,48,40,24,37,34
12/25/2016,12,106,93,63,80,71,35,90,54,108,63,86,58,75,77,51,52,15,71,47,47,7,27,19,18
12/25/2016,13,46,55,37,63,27,29,67,38,43,58,44,46,46,49,34,53,22,51,40,40,15,26,10,17
12/25/2016,14,18,62,17,46,15,41,44,52,16,67,35,22,50,44,30,29,40,40,35,35,27,18,28,24
12/25/2016,15,31,55,32,39,39,43,28,53,21,48,33,17,50,44,33,44,39,32,37,37,23,26,22,24
12/25/2016,16,38,58,35,44,44,37,31,43,24,52,39,26,28,30,32,24,46,34,34,34,23,31,32,29
12/25/2016,17,49,49,45,35,33,36,30,44,41,54,48,34,35,41,33,37,100,42,53,53,37,40,76,51
12/25/2016,18,55,44,53,74,43,47,99,50,63,56,46,36,30,51,41,37,46,48,43,43,34,26,62,41
12/25/2016,19,82,71,57,84,89,93,48,59,95,72,49,43,40,60,45,53,29,56,46,46,29,22,26,26
12/25/2016,20,74,56,77,100,103,74,103,70,154,69,40,59,44,49,38,63,53,38,48,48,25,22,31,26
12/25/2016,21,101,45,59,69,59,58,142,70,85,70,40,43,35,58,39,46,34,35,39,39,36,25,30,30
12/25/2016,22,104,45,74,60,43,65,110,63,66,73,33,53,38,90,45,26,22,31,31,31,31,26,60,39
12/25/2016,23,78,81,73,60,68,74,96,60,61,73,43,42,44,99,34,20,19,20,23,23,27,31,62,40
12/25/2016,24,39,73,46,61,99,65,97,108,110,84,53,41,26,76,29,18,16,19,21,21,25,13,22,20
12/26/2016,1,35,55,38,51,84,68,84,85,112,64,44,44,36,76,25,24,16,20,21,21,22,9,43,25
12/26/2016,2,45,48,38,52,66,68,74,62,88,64,40,34,39,35,16,25,14,32,22,22,14,11,38,21
12/26/2016,3,40,73,23,43,47,56,50,58,50,63,36,32,33,51,14,36,11,34,24,24,10,15,19,15
12/26/2016,4,38,59,24,49,43,56,44,72,56,83,33,28,36,41,15,20,10,31,19,19,19,9,17,15
12/26/2016,5,40,46,25,48,49,59,41,63,57,72,32,26,30,35,16,9,7,32,16,16,35,14,18,22
12/26/2016,6,52,38,29,61,47,52,42,59,92,107,29,25,31,61,11,12,7,31,15,15,43,7,16,22
12/26/2016,7,97,55,41,69,61,51,69,81,94,110,40,31,34,81,8,25,3,35,18,18,56,6,27,30
12/26/2016,8,103,65,58,62,80,45,126,109,105,161,45,32,50,85,12,37,4,50,26,26,68,7,33,36
12/26/2016,9,121,95,70,82,99,46,146,131,110,169,52,18,60,93,20,35,8,40,26,26,102,14,56,57
12/26/2016,10,89,105,78,68,118,38,157,150,133,158,53,30,68,93,43,29,13,57,36,36,73,13,50,45
12/26/2016,11,58,102,69,111,100,36,90,97,99,135,61,93,73,79,45,40,19,60,41,41,58,22,48,43
12/26/2016,12,60,87,26,118,85,23,76,72,87,106,64,45,56,72,40,40,19,54,38,38,32,22,39,31
12/26/2016,13,36,45,8,75,60,31,36,65,34,72,36,38,42,59,13,15,24,30,21,21,22,37,27,29
12/26/2016,14,48,41,31,38,34,29,29,60,32,55,27,22,46,45,17,26,23,32,25,25,19,28,11,19
12/26/2016,15,60,41,28,72,35,36,35,63,33,50,31,27,46,57,26,25,22,26,25,25,35,21,33,30
12/26/2016,16,52,39,37,44,34,28,36,58,35,56,38,26,32,43,32,36,29,34,33,33,43,20,30,31
12/26/2016,17,59,42,41,77,34,33,57,51,39,50,45,32,33,79,33,38,49,33,38,38,48,26,34,36
12/26/2016,18,71,45,71,58,52,49,80,62,79,59,46,38,38,92,36,37,29,35,34,34,52,27,52,44
12/26/2016,19,85,83,90,72,81,66,109,90,119,85,62,46,60,83,37,69,22,46,44,44,73,29,38,47
12/26/2016,20,111,78,84,95,88,62,65,79,83,139,71,42,49,105,33,66,32,49,45,45,91,26,67,61
12/26/2016,21,73,64,53,86,43,50,68,64,31,76,54,46,40,71,57,55,33,35,45,45,78,34,70,61
12/26/2016,22,58,50,34,40,35,45,61,61,33,58,43,36,34,53,49,57,39,34,45,45,92,45,84,74
12/26/2016,23,66,51,40,49,31,36,41,47,23,48,40,29,34,53,42,46,32,27,37,37,77,52,48,59
12/26/2016,24,36,47,28,44,59,28,58,40,64,27,40,30,29,43,39,28,27,27,30,30,66,42,39,49
12/27/2016,1,17,38,16,43,41,53,63,35,73,41,34,26,28,54,31,35,23,24,28,28,45,33,28,35
12/27/2016,2,17,48,20,96,65,54,48,39,71,59,26,27,24,43,21,25,18,18,21,21,34,25,37,32
12/27/2016,3,17,56,23,55,46,53,57,52,39,65,76,30,26,55,19,20,12,19,18,18,46,25,49,40
12/27/2016,4,21,33,26,60,37,55,57,65,32,64,53,38,30,59,17,20,10,22,17,17,47,20,19,29
12/27/2016,5,35,34,30,30,48,75,48,84,100,66,32,47,35,79,16,20,6,20,16,16,59,16,27,34
12/27/2016,6,33,38,27,12,60,77,49,86,71,102,47,53,50,78,19,22,8,30,20,20,73,18,49,47
12/27/2016,7,37,40,40,33,71,89,53,75,87,140,42,53,58,96,22,23,5,33,21,21,62,25,55,47
12/27/2016,8,91,66,56,54,106,116,80,123,112,148,50,53,48,118,24,40,6,42,28,28,95,27,57,60
12/27/2016,9,142,75,70,104,115,119,101,124,89,163,70,58,69,97,39,42,7,54,36,36,105,20,71,65
12/27/2016,10,67,90,81,65,113,128,82,145,115,169,77,56,75,132,49,42,9,55,39,39,106,36,76,73
12/27/2016,11,134,110,64,117,121,121,81,132,107,164,86,72,86,131,60,52,13,71,49,49,72,46,67,62
12/27/2016,12,121,124,114,142,105,86,60,79,67,137,101,82,105,137,61,64,30,91,62,62,115,57,89,87
12/27/2016,13,101,95,48,103,48,56,39,78,28,77,109,114,108,126,66,70,46,73,64,64,95,71,66,77
12/27/2016,14,41,105,24,76,22,29,13,48,28,28,88,57,89,54,72,51,52,51,57,57,59,61,50,57
12/27/2016,15,19,84,42,37,13,14,8,12,2,32,57,31,61,57,76,46,67,55,61,61,65,42,35,47
12/27/2016,16,26,49,38,42,31,24,25,32,7,30,42,23,26,55,41,50,70,41,51,51,57,51,48,52
12/27/2016,17,53,40,41,51,26,36,36,28,42,38,40,31,21,31,39,50,67,38,49,49,58,45,57,53
12/27/2016,18,104,52,64,52,44,71,87,50,97,48,47,38,32,50,53,43,46,37,45,45,75,49,67,64
12/27/2016,19,335,88,88,72,138,111,91,73,189,90,70,41,46,80,60,66,32,46,51,51,86,43,87,72
12/27/2016,20,117,94,93,152,88,80,63,76,89,91,70,67,56,101,58,70,40,45,53,53,86,45,65,65
12/27/2016,21,74,56,58,83,49,47,54,47,46,42,57,50,41,42,63,49,32,36,45,45,36,55,124,72
12/27/2016,22,59,43,34,32,32,33,44,33,31,25,40,33,29,50,37,40,31,20,32,32,63,49,52,55
12/27/2016,23,40,35,25,28,30,42,45,42,60,20,22,24,23,26,30,29,21,20,25,25,61,36,38,45
12/27/2016,24,34,35,23,32,37,34,36,34,42,25,28,21,22,32,21,25,22,17,21,21,29,24,23,25
12/28/2016,1,26,30,19,34,31,27,28,27,34,19,26,26,24,37,25,22,15,20,21,21,21,26,24,24
12/28/2016,2,26,29,12,19,26,21,28,21,21,15,26,22,22,30,19,16,16,18,17,17,32,27,14,24
12/28/2016,3,17,33,12,28,27,27,44,27,21,15,21,17,23,21,17,17,19,16,17,17,39,24,17,27
12/28/2016,4,10,27,6,24,19,19,27,19,16,15,22,16,19,32,18,10,13,17,15,15,51,27,5,28
12/28/2016,5,14,25,1,20,14,15,32,15,5,9,17,14,19,25,19,14,13,17,16,16,53,21,16,30
12/28/2016,6,16,41,9,23,15,33,41,33,24,33,16,13,18,24,17,15,14,20,17,17,101,17,29,49
12/28/2016,7,30,37,13,24,21,82,116,82,82,48,24,15,15,31,16,16,13,22,17,17,77,21,12,37
12/28/2016,8,84,29,20,29,6,61,52,61,61,70,17,22,22,37,18,13,14,17,16,16,115,19,37,57
12/28/2016,9,36,31,18,25,11,57,55,57,57,58,32,20,27,50,21,12,13,26,18,18,123,29,33,62
12/28/2016,10,35,29,8,41,7,61,61,61,61,61,27,17,25,41,28,28,15,26,24,24,54,21,32,36
12/28/2016,11,22,38,19,35,7,35,6,35,35,64,32,23,26,49,29,36,19,24,27,27,21,26,19,22
12/28/2016,12,1,49,18,48,31,40,21,40,40,58,47,21,24,39,39,46,19,38,36,36,22,27,13,21
12/28/2016,13,24,50,5,51,35,39,17,39,39,61,39,30,25,61,34,34,31,41,35,35,32,36,16,28
12/28/2016,14,17,37,8,29,35,38,27,38,38,49,49,25,24,51,38,27,38,35,35,35,28,39,19,29
12/28/2016,15,39,46,36,30,38,32,23,32,32,40,41,25,39,64,38,29,30,31,32,32,31,29,6,22
12/28/2016,16,38,36,13,42,36,24,20,24,24,28,43,25,48,33,37,31,36,32,34,34,25,35,7,22
12/28/2016,17,43,20,10,36,21,28,26,28,28,30,39,31,42,34,39,30,36,30,34,34,80,31,20,44
12/28/2016,18,71,32,24,40,25,64,67,62,63,63,37,22,35,49,52,30,28,32,36,36,81,28,76,62
12/28/2016,19,123,55,73,69,97,120,105,128,170,75,53,41,46,46,40,50,19,54,41,41,56,33,76,55
12/28/2016,20,84,76,84,106,82,99,112,110,93,81,61,45,46,56,40,60,25,42,42,42,65,20,31,39
12/28/2016,21,78,73,73,70,82,93,89,93,114,75,66,41,46,68,48,68,30,44,48,48,47,21,35,34
12/28/2016,22,74,65,56,33,83,79,98,67,101,50,53,45,41,77,40,37,27,39,36,36,51,21,70,47
12/28/2016,23,73,40,46,46,56,56,53,50,84,37,36,42,26,69,35,37,25,28,31,31,54,17,65,45
12/28/2016,24,43,36,25,27,61,38,44,35,52,21,25,29,22,48,36,28,21,21,27,27,36,30,73,46
12/29/2016,1,28,26,17,24,41,31,26,27,45,26,24,32,19,35,26,38,16,19,25,25,53,43,52,49
12/29/2016,2,15,39,14,25,29,32,24,27,34,41,18,27,21,44,24,32,13,18,22,22,55,21,57,44
12/29/2016,3,26,45,11,39,26,31,23,30,24,45,21,25,26,32,23,26,14,21,21,21,49,23,37,36
12/29/2016,4,28,35,32,33,25,33,24,36,16,55,33,30,34,48,21,24,9,17,18,18,42,28,37,36
12/29/2016,5,20,32,5,29,25,34,22,42,21,52,28,31,41,49,31,22,11,21,21,21,43,26,27,32
12/29/2016,6,16,25,24,24,32,43,29,40,43,59,32,27,21,32,32,19,6,20,19,19,67,28,29,41
12/29/2016,7,32,27,22,30,38,43,42,36,24,70,44,31,31,45,37,20,9,20,22,22,78,43,44,55
12/29/2016,8,62,33,51,18,41,58,49,51,43,89,40,35,36,58,34,29,11,29,26,26,115,48,66,76
12/29/2016,9,77,45,53,43,57,91,89,70,94,112,43,46,38,59,48,32,4,35,30,30,91,49,83,74
12/29/2016,10,58,66,43,60,71,102,104,80,95,129,53,36,51,48,58,49,7,42,39,39,85,54,62,67
12/29/2016,11,44,81,28,73,51,97,68,96,89,133,61,43,42,81,52,42,48,49,48,48,79,65,68,71
12/29/2016,12,7,48,39,60,41,76,57,88,52,107,50,42,41,72,20,25,22,22,22,22,61,62,38,54
12/29/2016,13,18,37,17,63,6,38,43,53,18,37,29,37,35,60,15,22,18,17,18,18,66,41,21,43
12/29/2016,14,108,28,14,50,50,44,32,76,8,59,23,18,30,31,15,35,25,24,25,25,48,40,33,40
12/29/2016,15,54,42,35,20,28,50,77,52,22,50,36,21,42,55,29,24,28,31,28,28,49,48,49,49
12/29/2016,16,52,38,39,57,73,89,81,90,133,53,36,20,30,40,35,38,35,31,35,35,34,42,38,38
12/29/2016,17,130,40,159,164,155,230,113,467,223,116,41,36,23,86,41,49,42,37,42,42,42,38,83,54
12/29/2016,18,170,105,195,166,215,323,189,703,179,221,139,87,75,199,93,116,92,68,92,92,139,131,212,161
12/29/2016,19,140,116,159,118,166,237,116,405,237,190,123,91,66,172,97,114,90,60,90,90,98,142,174,138
12/29/2016,20,59,57,72,41,64,101,45,100,101,158,59,79,44,86,78,102,72,36,72,72,113,110,165,129
12/29/2016,21,33,42,34,16,38,49,41,49,49,56,37,39,23,65,51,60,46,27,46,46,111,62,48,74
12/29/2016,22,25,32,22,30,17,33,46,28,33,24,25,70,20,45,30,23,23,16,23,23,39,40,77,52
12/29/2016,23,23,25,16,27,25,25,26,27,25,23,22,20,17,29,23,22,20,15,20,20,57,26,26,36
12/29/2016,24,19,24,12,27,11,18,11,27,18,17,16,12,10,14,18,15,15,12,15,15,43,20,24,29
12/30/2016,1,13,19,6,20,6,11,8,8,11,16,13,12,12,11,17,11,8,11,12,12,23,12,6,14
12/30/2016,2,13,20,6,19,6,6,2,10,6,7,9,13,8,15,11,7,5,9,8,8,32,11,22,22
12/30/2016,3,11,17,1,18,7,11,11,11,11,10,8,7,8,19,11,10,7,9,9,9,24,11,18,18
12/30/2016,4,12,12,4,22,8,9,8,10,12,6,7,6,7,14,8,7,6,9,8,8,4,6,10,7
12/30/2016,5,13,13,4,24,11,9,12,4,9,9,3,4,7,9,11,4,8,10,8,8,40,7,3,17
12/30/2016,6,18,12,15,37,8,13,16,17,4,14,6,3,7,5,12,5,6,8,8,8,37,8,9,18
12/30/2016,7,13,16,3,21,10,14,21,8,11,16,8,4,7,15,12,8,7,10,9,9,30,7,14,17
12/30/2016,8,20,17,12,35,14,18,21,18,15,19,15,9,10,14,14,8,3,12,9,9,27,6,14,16
12/30/2016,9,26,43,11,30,20,29,21,25,47,22,17,15,10,26,21,16,7,12,14,14,30,14,23,22
12/30/2016,10,29,37,18,20,41,26,32,25,25,22,22,11,14,24,15,15,8,17,14,14,36,19,18,24
12/30/2016,11,29,40,15,36,25,28,28,35,24,23,18,8,18,14,20,18,10,20,17,17,41,17,22,27
12/30/2016,12,27,31,13,35,27,27,24,33,28,23,24,10,25,35,21,19,11,23,19,19,33,22,22,26
12/30/2016,13,30,32,21,44,24,32,24,38,32,35,27,24,24,24,25,14,11,26,19,19,37,24,30,30
12/30/2016,14,34,39,24,47,24,30,32,25,31,31,29,24,19,30,21,20,17,30,22,22,35,31,28,31
12/30/2016,15,33,37,22,44,30,26,24,19,33,29,26,15,24,47,31,19,26,26,26,26,26,34,34,31
12/30/2016,16,34,44,26,44,22,27,22,35,21,29,34,25,28,40,30,34,30,29,31,31,38,39,31,36
12/30/2016,17,32,49,25,24,30,32,36,24,24,42,38,29,32,49,31,29,30,30,30,30,40,40,35,38
12/30/2016,18,42,40,38,44,47,47,46,43,33,64,44,41,43,45,37,40,36,30,36,36,57,42,53,51
12/30/2016,19,64,51,55,78,73,75,60,62,99,77,41,39,36,49,43,47,42,37,42,42,88,42,60,63
12/30/2016,20,69,64,74,78,61,64,57,50,83,67,54,46,54,64,40,49,28,46,41,41,71,32,39,47
12/30/2016,21,60,65,53,61,62,63,56,53,75,68,54,49,44,76,37,52,23,47,40,40,54,25,83,54
12/30/2016,22,60,68,47,67,58,62,54,49,73,73,47,47,42,68,46,40,24,45,39,39,56,20,81,52
12/30/2016,23,56,69,52,52,50,63,56,38,82,76,42,44,41,61,41,38,20,42,35,35,46,20,59,42
12/30/2016,24,53,59,38,60,56,63,61,39,67,86,42,41,38,63,53,45,22,35,39,39,32,16,51,33
12/31/2016,1,51,57,27,68,51,66,69,59,54,80,37,37,34,70,37,39,21,34,33,33,23,14,52,30
12/31/2016,2,46,54,28,65,38,51,43,58,41,61,42,37,34,55,39,38,18,30,31,31,17,19,33,23
12/31/2016,3,40,53,26,48,31,43,40,41,29,62,39,35,34,49,35,30,13,37,29,29,15,23,27,22
12/31/2016,4,43,55,34,34,47,41,34,42,39,47,37,33,41,55,32,17,9,39,24,24,22,20,14,19
12/31/2016,5,51,59,28,46,69,47,33,62,46,47,40,35,33,39,29,13,7,29,20,20,36,18,31,28
12/31/2016,6,53,62,29,57,64,52,28,52,51,77,38,32,36,41,14,14,10,29,17,17,31,13,30,25
12/31/2016,7,51,63,33,39,69,51,39,47,38,80,43,36,42,32,11,16,18,34,20,20,46,16,20,27
12/31/2016,8,65,64,57,62,75,78,69,50,82,110,44,36,34,49,14,18,38,36,27,27,75,13,34,41
12/31/2016,9,78,75,83,72,80,107,137,71,115,103,45,25,32,43,23,20,19,40,26,26,110,18,56,61
12/31/2016,10,77,73,55,90,88,75,67,64,89,80,41,32,46,62,39,19,18,40,29,29,90,31,60,60
12/31/2016,11,77,65,74,84,84,83,86,55,109,83,44,41,61,61,31,26,12,43,28,28,24,21,45,30
12/31/2016,12,46,50,21,67,45,81,78,70,97,77,33,21,48,50,32,20,14,38,26,26,22,22,22,22
12/31/2016,13,24,27,7,37,24,38,17,38,38,59,28,20,34,31,28,17,18,21,21,21,15,15,15,15
12/31/2016,14,32,22,19,56,32,33,35,33,24,40,18,13,22,32,25,29,25,23,26,26,17,17,24,19
12/31/2016,15,31,31,23,39,31,39,22,46,39,48,24,16,12,35,24,27,35,21,27,27,72,21,12,35
12/31/2016,16,39,31,23,64,37,56,37,71,66,48,28,29,9,50,28,35,30,22,29,29,89,24,40,51
12/31/2016,17,40,38,32,48,40,59,33,78,63,60,32,30,15,54,29,39,24,19,28,28,67,24,79,57
12/31/2016,18,38,28,44,38,42,55,51,62,53,53,35,35,25,55,28,34,22,25,27,27,49,31,48,43
12/31/2016,19,50,41,49,50,59,63,41,77,59,74,29,28,26,52,28,34,18,25,26,26,37,32,39,36
12/31/2016,20,54,45,48,54,68,84,65,64,128,79,31,30,26,31,26,38,18,25,27,27,52,27,42,40
12/31/2016,21,44,40,38,42,55,78,64,71,101,76,29,34,26,53,31,34,17,23,26,26,49,23,48,40
12/31/2016,22,50,31,51,70,49,71,51,50,112,69,30,34,22,48,43,33,16,22,29,29,58,22,79,53
12/31/2016,23,61,39,78,54,74,94,62,71,145,97,35,32,21,49,41,31,16,23,28,28,57,21,107,62
12/31/2016,24,82,42,112,65,110,117,99,100,174,94,55,57,57,59,37,37,37,36,37,37,55,24,105,61
